-- phpMyAdmin SQL Dump
-- version 4.7.6
-- https://www.phpmyadmin.net/
--
-- Host: localhost
-- Generation Time: Mar 11, 2018 at 05:31 AM
-- Server version: 10.1.29-MariaDB
-- PHP Version: 7.2.0

SET SQL_MODE = "NO_AUTO_VALUE_ON_ZERO";
SET AUTOCOMMIT = 0;
START TRANSACTION;
SET time_zone = "+00:00";


/*!40101 SET @OLD_CHARACTER_SET_CLIENT=@@CHARACTER_SET_CLIENT */;
/*!40101 SET @OLD_CHARACTER_SET_RESULTS=@@CHARACTER_SET_RESULTS */;
/*!40101 SET @OLD_COLLATION_CONNECTION=@@COLLATION_CONNECTION */;
/*!40101 SET NAMES utf8mb4 */;

--
-- Database: `kittichai_garden`
--

-- --------------------------------------------------------

--
-- Table structure for table `account`
--

CREATE TABLE `account` (
  `username` varchar(15) NOT NULL,
  `password` varchar(20) NOT NULL,
  `email` varchar(30) NOT NULL,
  `firstName` varchar(30) NOT NULL,
  `lastName` varchar(30) NOT NULL,
  `idNo` varchar(15) NOT NULL,
  `birthday` date NOT NULL,
  `gender` varchar(10) NOT NULL,
  `address` text NOT NULL,
  `phone` varchar(20) NOT NULL,
  `typeAccount` varchar(15) NOT NULL,
  `image` text NOT NULL,
  `status` varchar(15) NOT NULL
) ENGINE=InnoDB DEFAULT CHARSET=utf8;

--
-- Dumping data for table `account`
--

INSERT INTO `account` (`username`, `password`, `email`, `firstName`, `lastName`, `idNo`, `birthday`, `gender`, `address`, `phone`, `typeAccount`, `image`, `status`) VALUES
('adminSun', '1234', 'ww', 'ww', 'ww', 'w', '2018-03-07', 'male', 'w', '', 'admin', '', 'activate'),
('sun', '1234', 'vasupol.ch@ku.th', '1', '1', '1', '0001-01-01', 'male', '1', '1', 'user', '', 'activate');

-- --------------------------------------------------------

--
-- Table structure for table `activitylogs`
--

CREATE TABLE `activitylogs` (
  `username` varchar(15) NOT NULL,
  `date` date NOT NULL,
  `time` time NOT NULL,
  `idEvent` int(30) NOT NULL,
  `event` text NOT NULL
) ENGINE=InnoDB DEFAULT CHARSET=utf8;

--
-- Dumping data for table `activitylogs`
--

INSERT INTO `activitylogs` (`username`, `date`, `time`, `idEvent`, `event`) VALUES
('adminSun', '2018-03-08', '03:09:01', 1, 'Create event');

-- --------------------------------------------------------

--
-- Table structure for table `attendents`
--

CREATE TABLE `attendents` (
  `idEvent` int(30) NOT NULL,
  `username` varchar(15) NOT NULL,
  `amount` int(5) NOT NULL,
  `date` date NOT NULL,
  `time` time NOT NULL
) ENGINE=InnoDB DEFAULT CHARSET=utf8;

--
-- Dumping data for table `attendents`
--

INSERT INTO `attendents` (`idEvent`, `username`, `amount`, `date`, `time`) VALUES
(1, 'adminSun', 2, '2018-03-09', '08:59:29'),
(27, 'adminSun', 3, '2018-03-09', '08:59:42');

-- --------------------------------------------------------

--
-- Table structure for table `comwebboard`
--

CREATE TABLE `comwebboard` (
  `idWebboard` int(15) NOT NULL,
  `username` varchar(30) NOT NULL,
  `comment` text NOT NULL,
  `date` date NOT NULL,
  `time` time NOT NULL
) ENGINE=InnoDB DEFAULT CHARSET=utf8;

--
-- Dumping data for table `comwebboard`
--

INSERT INTO `comwebboard` (`idWebboard`, `username`, `comment`, `date`, `time`) VALUES
(4, 'adminSun', 'สวัสดีชาวโลก เราเอง', '2018-03-09', '10:47:40'),
(4, 'adminSun', 'Hello', '2018-03-09', '11:03:22'),
(2, 'adminSun', 'เล็กก็ต้องทำใจครับ', '2018-03-10', '10:24:02'),
(2, 'adminSun', 'หาหมอครับ', '2018-03-10', '10:25:13'),
(2, 'adminSun', 'ไม่เครียดนะครับผมแค่ 9 นิ้วเอง', '2018-03-10', '10:32:32'),
(2, 'adminSun', 'มันก็เป็นกรรมพันธุ์', '2018-03-10', '10:47:27'),
(4, 'adminSun', 'สวัสดี', '2018-03-10', '03:10:20');

-- --------------------------------------------------------

--
-- Table structure for table `event`
--

CREATE TABLE `event` (
  `idEvent` int(30) NOT NULL,
  `username` varchar(15) NOT NULL,
  `eventName` text NOT NULL,
  `location` text NOT NULL,
  `date` date NOT NULL,
  `startTime` time NOT NULL,
  `endTime` time NOT NULL,
  `size` int(5) NOT NULL,
  `category` varchar(30) NOT NULL,
  `type` varchar(15) NOT NULL,
  `price` int(10) DEFAULT NULL,
  `details` text NOT NULL,
  `teaserVDO` text NOT NULL,
  `precondition` text,
  `postcondition` text,
  `organizerName` varchar(30) DEFAULT NULL,
  `contactName` varchar(30) NOT NULL,
  `email` varchar(30) NOT NULL,
  `phone` varchar(20) NOT NULL,
  `latitude` text NOT NULL,
  `longitude` text NOT NULL,
  `imageCover` text NOT NULL,
  `attendView` int(15) NOT NULL,
  `imageSlide` text NOT NULL
) ENGINE=InnoDB DEFAULT CHARSET=utf8;

--
-- Dumping data for table `event`
--

INSERT INTO `event` (`idEvent`, `username`, `eventName`, `location`, `date`, `startTime`, `endTime`, `size`, `category`, `type`, `price`, `details`, `teaserVDO`, `precondition`, `postcondition`, `organizerName`, `contactName`, `email`, `phone`, `latitude`, `longitude`, `imageCover`, `attendView`, `imageSlide`) VALUES
(1, 'toon', 'Tao Kae Noi Presents BNK48', 'Bangna Trad Road Bang Na, Bangna BANGKOK Thailand ', '2018-03-15', '11:00:00', '00:00:00', 500, 'music', 'free', NULL, 'Tao Kae Noi Presents BNK48 1st Concert “STARTO”\r\n\r\nพบกับคอนเสิร์ตเต็มรูปแบบครั้งแรกของ BNK48 ในวันเสาร์ที่ 31 มีนาคม พ.ศ. 2561 \r\nณ BITEC BANGNA Hall 106\r\nคอนเสิร์ตเริ่มเวลา 18:00น. (ประตูเปิด 16:00น.)\r\n\r\nบัตรยืน ราคา 2000 บาท (มีการแบ่งพื้นที่ Lady Zone ทั้งสองฝั่ง)\r\nและบัตรนั่ง ราคา 1500/1000/800 บาท\r\n\r\nเริ่มจำหน่ายบัตร วันพฤหัสบดีที่ 1 มีนาคม พ.ศ. 2561 เวลา 13:48น. \r\nทาง www.eventpop.me\r\n\r\nเงื่อนไขการซื้อบัตร และ การเข้าชมในวันงาน\r\n- การซื้อบัตร สามารถซื้อได้ไม่เกิน 4 ที่นั่ง\r\n- ทุกที่นั่ง ต้องลงทะเบียนชื่อและนามสกุลของผู้ที่จะเข้าชมบนในระบบขณะสั่งซื้อ และชื่อของท่านจะถูกพิมพ์ลงบนบัตรทุกใบ ไม่สามารถมอบสิทธิ์ให้ผู้อื่นเข้าชมแทนได้ รวมถึงในกรณีที่ท่านไม่สามารถมารับชมได้ จะไม่สามารถคืนบัตร หรือแลกเปลี่ยนใด ๆ ได้ทั้งสิ้น\r\n- ในกรณีที่พิมพ์ชื่อ หรือนามสกุลผิดพลาดขณะสั่งซื้อ ท่านสามารถแก้ไขชื่อ หรือนามสกุลของท่านได้ไม่เกิน 3 ตัวอักษรเท่านั้น เพื่อป้องกันการมอบสิทธิ์ให้ผู้อื่น โดยสามารถแจ้งความจำนงขอแก้ไขได้ที่ Call Center ของ eventpop ภายใน 24 ชั่วโมงหลังการสั่งซื้อ\r\n- ในวันงาน กรุณานำบัตรประชาชนตัวจริง หรือเอกสารที่ออกโดยราชการ ที่มีรูปของท่านอยู่ เพื่อยืนยันตัวตนกับทางเจ้าหน้าที่บริเวณทางเข้าสู่คอนเสิร์ต\r\n- บัตร Lady Zone จะมีการขายแยกประเภทจากบัตรยืนปกติ และในวันงาน จะอนุญาตให้เฉพาะสุภาพสตรีเท่านั้น ที่สามารถเข้าชมในพื้นที่นี้ได้ (ในกรณีที่ผู้ซื้อเป็นสุภาพสตรี แต่ผู้ติดตามที่ซื้อบัตรด้วยกันเป็นสุภาพบุรุษ ก็จะอนุญาตให้เฉพาะสุภาพสตรีเข้าชมเท่านั้น บัตรของท่านสุภาพบุรุษ จะถือว่าเป็นโมฆะทันที)\r\n- บัตรยืน จะมีหมายเลขลำดับการเข้าชม ตามลำดับการซื้อ เมื่อถึงวันงาน จะมีการเรียกให้เข้าแถวในช่วงเวลา 13:00-15:30น. ตามหมายเลขลำดับการเข้าชม หากท่านไม่มาเข้าแถวในช่วงเวลาดังกล่าว จะต้องรอเข้าสู่ภายในคอนเสิร์ตหลังจากผู้ที่มาเข้าแถวตามเวลา เข้าสู่ภายในเป็นที่เรียบร้อย\r\n- ไม่อนุญาตให้นำกล้องถ่ายภาพ กล้องถ่ายวีดีโอ และเครื่องบันทึกเสียงเข้าสู่ภายในคอนเสิร์ต และภายใน ไม่อนุญาตให้บันทึกภาพ วีดีโอ หรือเสียงตลอดการแสดง\r\n- ขนาดของสัมภาระที่จะนำเข้าสู่ภายใน ต้องมีขนาด กว้าง+ยาว+สูง ไม่เกิน 90 เซนติเมตร \r\n- ไม่อนุญาตให้นำอาหาร เข้าสู่ภายในฮอลล์คอนเสิร์ต สำหรับเครื่องดื่มที่นำเข้าได้ จะต้องเป็นเครื่องดื่มที่มีฝาปิดได้เท่านั้น\r\n- ในวันงาน ไม่มีจุดรับฝากจดหมาย หรือของขวัญให้แก่สมาชิก BNK48\r\n- สินค้า จำหน่ายที่หน้างาน ไม่จำเป็นต้องมีบัตรคอนเสิร์ตในการซื้อ\r\n- มีความเป็นไปได้ ที่จะมีผู้ซื้อสินค้าเป็นจำนวนมาก กรุณาบริการเวลาระหว่างการต่อแถว และเวลาในการเข้าชมคอนเสิร์ตด้วยตัวท่านเอง ทางเราจะไม่รับผิดชอบในกรณีที่ท่านไม่สามารถเข้าชมคอนเสิร์ตได้ทันเวลา (เวลาเริ่มจำหน่ายสินค้า จะทำการประกาศในภายหลัง)', 'https://www.youtube.com/watch?v=mfqJyKm20Z4', NULL, NULL, 'bnk', '', '', '', '', '', 'https://p-u.popcdn.net/events/covers/000/003/049/cover/B5579D8E-1FBA-43DC-B682-39991AE2080E.png?1519835103', 73, 'https://p-u.popcdn.net/hero_images/desktop_images/000/000/122/medium/e1228a197abf1b71d33afdf758f606380a1a25b8.jpg?1520001031'),
(2, 'toon', 'Trick to Translate ', ' The Rabbit Hub', '2018-03-24', '09:00:00', '00:00:00', 100, 'Education', 'free', NULL, 'Artery workshop ร่วมกับ คุณปุ๋ย มณฑารัตน์ ทรงเผ่า ผู้คร่ำหวอดในวงการงานแปล ออกผลงานคุณภาพมากกว่า 100 เล่ม\r\n\r\nมีผลงานแปลสร้างชื่ออย่าง ชุด ‘The Princess Diaries Series’  ที่ต้นฉบับติดชาร์ต New York Time Bestseller หรือในชื่อภาษาไทยว่า ‘บันทึกของเจ้าหญิง’\r\n\r\nและ ชุดผลงานของ ‘ฮาร์เลน โคเบน’ กว่าหลาย 10 เรื่อง ที่ติดอันดับขายดี ทั้งใน The New York Time และในประเทศไทย!  \r\n\r\n\r\n\r\nนักแปลมืออาชีพ… ใครว่ายาก! คุณเองก็เป็นได้\r\n\r\n\r\nหลากเคล็ดลับที่คุณอาจไม่เคยรู้ ผสมผสานทั้งเนื้อหาที่เข้มข้น และ สอดแทรกเทคนิคการแปลอย่างไรให้ตัวละครมีชีวิต รับรองว่ากลมกล่อม เก็บทุกเม็ด ทุกรายละเอียด ไม่มีหลุดแน่นอนตลอด 2 วันนี้!\r\n\r\n\r\n\r\nใน ‘Trick to Translate เคล็ด (ไม่) ลับ ฉบับนักแปล โดย ปุ๋ย มณฑารัตน์ ทรงเผ่า’ คุณจะได้พบกับ..\r\n\r\n- เทคนิดการแปลแบบเข้าใจง่าย ฉบับนักแปลมืออาชีพ\r\n\r\n- เคล็ดลับการเลือกใช้คำให้ออกมาเป็นธรรมชาติ อ่านแล้วอินเหมือนคำในภาษาไทย\r\n\r\n- ทริคการแปลให้สามารถเก็บอารมณ์และความรู้สึกของต้นฉบับไว้ทุกเม็ด เพื่อให้งานแปลของเราออกมาเหมือนต้นฉบับมากที่สุด\r\n\r\n\r\n- อาหารกลางวัน และของว่างตลอดการ  Workshop ทั้ง 2 วัน\r\n\r\n\r\n\r\nกำหนดการภายในงาน\r\n\r\nวันแรก (10 มีนาคม 2561)\r\n\r\n9:00 – 10.00 น.            ทำความรู้จักเกี่ยวกับภาพรวมของงานแปลกันก่อน (Overview)\r\n\r\n                                    o ต้นฉบับ จริงๆแล้วมีกี่ประเภทกันแน่\r\n\r\n                                    o จะแปลอย่างไรให้เหมาะสมกับต้นฉบับแต่ละประเภทดี\r\n\r\n\r\n10:00 – 11.00 น.          เครื่องมือทางภาษาที่สำคัญที่จำเป็นต้องรู้ หากจะก้าวเข้าสู่วงการนักแปล\r\n\r\n11:00 – 12.00 น.          เริ่มลงมือปฏิบัติเพื่อทดสอบความรู้เกี่ยวกับการแปลเบื้องต้นกันเลย\r\n\r\n                                    พักกลางวัน\r\n\r\n13:00 – 14.00 น.          เจาะลึกเนื้อหากันแบบเน้นๆ เกี่ยวกับการแปลวรรณกรรม\r\n\r\n                                    o ก่อนลงมือแปล มีองค์ประกอบอะไรบ้างที่ต้องคำนึงถึง\r\n\r\n\r\n14:00 – 15.00 น.          ทำความรู้จักต้นฉบับก่อนเริ่มแปล ตามหลักทฤษฎีของ Peter Newmark\r\n\r\n15.00 – 15.15 น.          พักเบรค\r\n\r\n15:15 – 16.00 น.          Workshop แปลตัวบทวรรณกรรมหลากหลายรูปแบบ\r\n\r\n                                    o ให้การบ้าน ลองเอาต้นฉบับวรรณกรรมกลับไปแปล ก่อนช่วยกันตรวจวันรุ่งขึ้น\r\n\r\n\r\n \r\n\r\nวันที่สอง (11 มีนาคม 2561)\r\n\r\n9:00 – 10.30 น.            เคล็คลับฉบับเต็มกับการตรวจแก้งานแปลเพื่อให้สมบูรณ์มากที่สุด\r\n\r\n10:30 – 12.00 น.          Workshop: ตรวจแบบฝึกหัดงานแปลต้นฉบับวรรณกรรม\r\n\r\n12.00 – 13.00 น.          พักกลางวัน\r\n\r\n13:00 – 15.00 น.          อภิปรายการตรวจต้นฉบับแปลร่วมกันในชั้น\r\n\r\n15.00 – 15.15 น.          พักเบรค\r\n\r\n15:15 – 16.15 น.          อยากเสนองานแปลให้กับสำนักพิมพ์ มีขั้นตอนอะไรบ้าง ยุ่งยากขนาดไหนนะ\r\n\r\n                                    o ทริคไม่ลับที่จะทำให้ทำงานร่วมกับกองบรรณาธิการและสำนักพิมพ์ได้ราบรื่น\r\n\r\n\r\n                                    o ค่าตอบแทนที่นักแปลจะได้รับ\r\n\r\n16:15 – 17.00 น.          ถาม-ตอบกันแบบไม่มีกั๊ก พร้อมไขข้อข้องใจทุกปัญหาเกี่ยวกับงานแปลและอื่นๆ\r\n\r\n\r\n \r\n\r\nสอบถามเพิ่มเติมโทร 02-258-0486-87 ต่อ 114\r\n\r\nรับจำนวนจำกัด 25 ที่เท่านั้น!!\r\n\r\nซื้อบัตรได้เเล้ววันนี้ พิเศษ! บัตร Early Bird 4,900 บาท (วันนี้ – 2 มีนาคม 2561) และราคาปกติ 5,500 บาท (วันที่ 3 มีนาคม - 9 มีนาคม 2561)\r\n\r\nโอกาสดีๆ แบบนี้ห้ามพลาดเด็ดขาดเลยนะคะ!!', 'https://www.youtube.com/watch?v=Lxeq3_uWib8', NULL, NULL, NULL, '', '', '', '', '', 'https://p-u.popcdn.net/events/covers/000/002/930/cover/TRICK-TO-TRANSLATE--EDIT-EVENT-POP.png?1517223482', 17, 'https://p-u.popcdn.net/hero_images/desktop_images/000/000/119/medium/5b4c80de61ac35fc89d51ecb44bcc5201ba97616.jpg?1519815628'),
(3, 'sun_vsp', 'AUTOMACH 2018', 'Pattaya Exhibition And Convention Hall (PEACH) Pattaya City, Bang Lamung District, Chon Buri, Thailand ', '2018-03-15', '10:00:00', '00:00:00', 500, 'Technology', 'free', NULL, '\'AUTOMACH 2018\'\r\nงานสัมมนาและจัดแสดงเทคโนโลยีระบบอัตโนมัติ\r\nพุธที่ 28 – ศุกร์ที่ 30 มี.ค.’61 เวลา 10:00 – 18:00 น. \r\nณ Hall C ศูนย์ประชุม PEACH เมืองพัทยา\r\n(รอยัล คลิฟ โฮเต็ล กรุ๊ป)\r\n\r\nพบกับซัพพลายด้านระบบอัตโนมัติสำหรับ Smart Factory ทั้งโรบอต แขนกล\r\nระบบลำเลียงอัจฉริยะ เซ็นเซอร์ โลจิสติกส์ IT for manufacturing ฯลฯ\r\nรวมถึงโซน Smart Supplies ที่จัดเตรียมโปรโมชั่นสำหรับผู้บริหารและฝ่ายจัดซื้อโรงงานอุตสาหกรรม\r\n\r\n\r\nสัมมนาความรู้กว่า 30 หัวข้อ ทั้งด้านระบบอัตโนมัติ, การเพิ่มผลผลิต, Preventive Maintenance,\r\nมาตรการสนับสนุนการลงทุนใน EEC และระบบอัตโนมัติ, ความก้าวหน้าเทคโนโลยีหุ่นยนต์ ฯลฯ\r\nดูรายละเอียดเพิ่มเติมได้ที่ Conference Program\r\n\r\n\r\nงานนี้เหมาะสำหรับ: นักลงทุน, เจ้าของกิจการ, ผู้บริหาร, ผู้จัดการโรงงาน, วิศวกร ซ่อมบำรุง ฝ่ายผลิต และฝ่ายจัดซื้อโรงงาน\r\n\r\n# ไม่มีค่าใช้จ่ายในการสัมมนา\r\n# ที่นั่งมีจำนวนจำกัด\r\n# สำรองที่นั่ง ด่วน!!! \r\nหรือติดต่อฝ่ายบริการลูกค้า seminar@thaiautomach.com\r\nTel. 0-2731-1191-4 ต่อ 309\r\nMobile 083-584-6677\r\n', 'https://www.youtube.com/watch?v=QyhrOruvT1c', NULL, NULL, NULL, '', '', '', '', '', 'https://p-u.popcdn.net/events/covers/000/002/971/cover/1517927587235.png?1517933570', 0, ''),
(4, 'sun_vsp', 'Thailand Coffee Fest 2018', 'Queen Sirikit National Convention Center Ratchadaphisek Road Bangkok ', '2018-03-10', '12:00:00', '00:00:00', 200, 'Food', 'free', NULL, 'เตรียมพบกับมหกรรมของคนรักกาแฟที่ยิ่งใหญ่ที่สุดใน Southeast Asia\r\n\r\nเทศกาลที่รวบรวมคนกาแฟ ทั้งกระบวนการตั้งแต่เกษตรกร โรงคั่วกาแฟ วัตถุดิบ ผู้ส่งออก บาริสต้า\r\n\r\nร้านกาแฟ อุปกรณ์เครื่องมือ องค์ความรู้จากทุกภาคส่วนไว้มากที่สุด\r\n\r\n\r\n\r\nตลอดการเดินทางของกาแฟ A JOURNEY OF COFFEE “จากต้นจนจิบ”\r\n\r\nจะพาทุกท่านไปพบกับแนวคิด “Make it Sustainable” ที่แฝงอยู่ วันนี้เราพร้อมแล้วที่จะผลักดันวงการกาแฟไทย\r\n\r\nให้ขับเคลื่อนไปข้างหน้าอย่างยั่งยืนและก้าวสู่ตลาดสากล', 'https://www.youtube.com/watch?v=0rAvnIGMUL8', NULL, NULL, NULL, '', '', '', '', '', 'https://p-u.popcdn.net/events/covers/000/002/850/cover/Banner-Poster-TCF.jpg?1515477332', 0, ''),
(5, 'toon', 'kilorun', 'Lan Khon Muang , Sao Chingcha, Phra Nakhon, Bangkok, Thailand', '2018-03-24', '17:00:00', '00:00:00', 1000, 'Health', 'paid', 500, ' KILORUN (กิโลรัน) เทศกาลงานวิ่งรูปแบบใหม่ไม่ซ้ำใคร ที่การวิ่ง กิน เที่ยว คือเรื่องเดียวกัน และไม่ได้วัดผลเพียงแค่กิโลเมตร (ระยะทาง) แต่วัดผลด้วยกิโลกรัม (น้ำหนัก) นอกจากสุขภาพที่ดีแล้วผู้เข้าร่วมจะได้รับทั้งความสนุกสนาน สัมผัสกับวัฒนธรรม และเต็มอิ่มไปกับอาหารอร่อยของแต่ละเมืองบนสุดยอดเส้นทางวิ่งในเมืองแห่งเอกลักษณ์ทางวัฒนธรรม (The Iconic City) อีกด้วย โดยทุกเพศทุกวัยสามารถมาวิ่งและแชร์ประสบการณ์พิเศษร่วมกัน ไม่ว่าจะมาเดี่ยว มากับเพื่อน หรือมากับครอบครัว จะเป็นนักวิ่งมืออาชีพ มือสมัครเล่น  คนไทย หรือชาวต่างชาติก็ตาม', 'https://www.youtube.com/watch?v=xNtED0-0FBs', 'อายุต้องมากกว่า 15 ปี', '** ผ้ากันเปื้อน KG + BIB **// FOR ALL RUNNERS\r\n** เหรียญ KG BANGKOK ** // FOR ALL RUNNERS', 'Index Creative Village', 'Index Creative Village', 'kilorun2018@gmail.com', '(+66) 9 4492 6999', '13.7563', '100.5018', 'https://p-u.popcdn.net/events/posters/000/002/907/medium/Eventpop_KILORUN.ai__Poster---2048-x-2048-pixel.jpg?1516868177', 44, 'https://p-u.popcdn.net/events/covers/000/002/907/cover/Eventpop_KILORUN.ai__Cover_-_1702_x_800_pixel.jpg?1516868175'),
(6, 'toon', 'Digital Transformation 2018 - Intensive Course ', 'Victor Club FYI Center ถนน พระรามที่ 4 Bangkok Thailand ', '2018-03-27', '09:00:00', '00:00:00', 40, 'Education', 'paid', 20000, 'มารับรู้แนวคิดเรื่อง Digital Transformation กับหลักสูตร DIGITAL TRANSFORMATION เพื่อสร้างความสำเร็จในปี 2018  หลักสูตร Exclusive สำหรับ เจ้าของกิจการ ผู้บริหาร และนักการตลาด (Executive and Management Level)\r\n\r\n\r\n\r\n“ DIGITAL TRANSFORMATION คือ การเปลี่ยนวิธีคิดอย่างมีกลยุทธ์ อย่างถึงแก่นจากรากฐานของธุรกิจของคุณ ”\r\n\r\n\r\n\r\n๐ แท้จริงแล้วไม่ใช่เรื่องเกี่ยวกับเทคโนโลยี ไม่ใช่เพียงแค่วางโครงสร้างพื้นฐานด้านไอที หรือแค่การนำเทคโนโลยีมาใช้ในองค์กร เท่านั้น แต่เป็นเรื่องเกี่ยวกับกลยุทธ์และวิธีคิดใหม่ในการทำธุรกิจ \r\n\r\n๐ Digital Transformation คือ การ Transform ธุรกิจของคุณเป็น Digital Business ในยุคดิจิตอล ไม่ใช่เพียงแค่มี website หรือทำ Digital Marketingในช่องทาง online และ social media ต่างๆ เท่านั้น \r\n\r\n๐ Digital Transformation คือ การเปลี่ยนธุรกิจจากรากฐาน วิธีคิด และ วิธีทำธุรกิจของคุณ ด้วยการ Transform ธุรกิจของคุณเป็น Digital Business ในยุคดิจิตอล\r\n\r\n๐ Digital Transformation คือ การคิดใหม่ทุกมิติ และการมีส่วนร่วมของทุกคนในองค์กร ไม่ใช่แค่ตั้งแผนก Digital หรือ มอบหมายให้คนใดคนหนึ่งทำ', 'https://www.youtube.com/watch?v=8Rb6fSaHmjU', 'ทุกวัย', 'ฟรี Coffee Break และ อาหารกลางวันแล้ว (ฺBuffet)', 'U23 Academy', 'คุณธนพงศ์พรรณ ธัญญรัตตกุล ', 'contact@u23.in.th', '098-269-9004', '13.7563', '100.5018', 'https://p-u.popcdn.net/events/covers/000/002/955/cover/eventpop-cover-851x400.png?1517478057', 0, ''),
(7, 'toon', 'AUTOMACH 2018 ', 'Pattaya Exhibition And Convention Hall (PEACH) Pattaya City, Bang Lamung District, Chon Buri, Thailand ', '2018-03-28', '08:00:00', '00:00:00', 50, 'Technology', 'free', 0, '\r\nงานสัมมนาและจัดแสดงเทคโนโลยีระบบอัตโนมัติ\r\nพุธที่ 28 – ศุกร์ที่ 30 มี.ค.’61 เวลา 10:00 – 18:00 น. \r\nณ Hall C ศูนย์ประชุม PEACH เมืองพัทยา\r\n(รอยัล คลิฟ โฮเต็ล กรุ๊ป)\r\nเพียงลงทะเบียนเข้าชมงาน ลุ้นรับ iPhone X\r\nภายในวันที่ 15 มีนาคม 2561\r\nพบกับซัพพลายด้านระบบอัตโนมัติสำหรับ Smart Factory ทั้งโรบอต แขนกล\r\nระบบลำเลียงอัจฉริยะ เซ็นเซอร์ โลจิสติกส์ IT for manufacturing ฯลฯ\r\nรวมถึงโซน Smart Supplies ที่จัดเตรียมโปรโมชั่นสำหรับผู้บริหารและฝ่ายจัดซื้อโรงงานอุตสาหกรรม\r\n\r\n\r\nสัมมนาความรู้กว่า 30 หัวข้อ ทั้งด้านระบบอัตโนมัติ, การเพิ่มผลผลิต, Preventive Maintenance,\r\nมาตรการสนับสนุนการลงทุนใน EEC และระบบอัตโนมัติ, ความก้าวหน้าเทคโนโลยีหุ่นยนต์ ฯลฯ\r\nดูรายละเอียดเพิ่มเติมได้ที่ Conference Program\r\n\r\n', 'https://www.youtube.com/watch?v=d2RzAzR0cnE', 'ไม่มีเงื่อนไข', 'ไม่มีเงื่อนไข', 'AUTOMACH', 'AUTOMACH', 'seminar@thaiautomach.com', ' 083-584-6677', '13.7563', '100.5018', 'https://p-u.popcdn.net/events/covers/000/002/971/cover/1517927587235.png?1517933570', 0, ''),
(9, 'toon', 'Infographic Presentation Training and Workshop by Infographic Thailand ครั้งที่ 5-6', 'อาคารไทยศรี ถนน กรุงธนบุรี แขวง บางลำภูล่าง กรุงเทพมหานคร ประเทศไทย ', '2018-04-02', '09:00:00', '00:00:00', 50, 'Education', 'paid', 15000, 'Infographic Presentation Training and Workshop ครั้งที่ 5-6 by Infographic Thailand \r\n\r\n\"Killing your own presentation with Infographic power\"\r\n\r\nกลับมาตามคำเรียกร้อง! กับคอร์สที่จะปฏิวัติ \" วิธีการคิด \" การนำเสนอแบบเก่าๆ\r\nด้วยการนำเสนอแบบ Infographic Presentation ใช้ได้จริง ใช้ได้ง่าย ใช้ได้ไว เปลี่ยนคุณเป็นมืออาชีพในการนำเสนอทุกรูปแบบ ภายใน 2 วัน ทั้งทฤษฎี และมี Workshop \r\n\r\nรับจำนวนจำกัดเท่านั้น!!', 'https://www.youtube.com/watch?v=FB8It2WK3k0', 'ไม่มีเงื่อนไข', 'ไม่มีเงื่อนไข', 'Infographic Thailand', 'คุณล้ง', 'akarin.t@likemeasia.com', '082 445 9492', '13.7563', '100.5018', 'https://p-u.popcdn.net/events/covers/000/002/848/cover/Edit03_Presentation_Course5-6_Material-03.jpg?1516088198', 0, ''),
(10, 'toon', 'Auto Sewing เรียนรู้ Application PES', 'PINN Creative Space พระราม 9 เขต ห้วยขวาง กรุงเทพมหานคร ประเทศไทย', '2018-03-24', '13:00:00', '00:00:00', 50, 'Technology', 'paid', 1500, 'Autos Sewing จักรปักเล็ก\r\n', 'https://www.youtube.com/watch?v=9skEZwe0EZ4', '1.ลูกค้าที่ยังไม่มีจักร หรือไม่มีโปรแกรม PES แล้วต้องการซื้อจักรหรือโปรแกรม\r\n2.ลูกค้าที่มีจักร หรือโปรแกรมอยู่แล้ว แต่ยังไม่เคยใช้งานหรือใช้งานไม่คล่อง จะได้มีความมั่นใจและนำกลับไปใช้งานได้อย่างถูกวิธี\r\n3.ลูกค้าต้องการทำชิ้นงาน Auto Sewing เพื่องานอดิเรก จำหน่ายเพื่อสร้างรายได้หรืออาชีพเสริม', '1. ได้รู้จักและทดลองใช้งาน Application PES\r\n\r\n2. ทำความเข้าใจการทำงานของโปรแกรม Auto Sewing\r\n\r\n3. ได้ลงมือทำชิ้นงาน 3 ชิ้น และสามารถนำกลับบ้านได้ ', 'PINN Creative Space', 'PINN Creative Space', 'pcs.rama9@pinncreative.com', '021681160', '13.7563', '100.5018', 'https://p-u.popcdn.net/attachments/images/000/007/763/large/27399472_10155217207718085_297855032_n.jpg?1517550986', 0, ''),
(11, 'sun_vsp', 'YOGA WORKSHOP by AMIT from INDIA', 'Sundance Yoga Studio, Samakkhi Road, Tha Sai, Mueang Nonthaburi District, Nonthaburi, Thailand ', '2018-03-24', '09:00:00', '00:00:00', 50, 'Sports', 'paid', 7900, 'What is special about this workshop?\r\n\r\nThe workshop is personally constructed by the head teacher of the world peach yoga school, Amit payal, who has many years’ experience in teaching at yoga teacher training courses and various yoga programs in India. The present course is ideal choice for all yoga practitioners who requires basement for their yoga practice.\r\n\r\n\r\n\r\nWhat we will learn?\r\nIn this workshop you’ll extend your essential knowledge of yoga both in theory and practice. Moreover, you will learn how to understand your body’s needs through the different asana, how to build your own practice and how to make it safe and more beneficial. At the end of the workshop each student will have clear knowledge and deep understanding about his own body, its abilities and how to work with it to achieve results in yoga.', 'https://www.youtube.com/watch?v=8a4vrzF5t-I', NULL, NULL, 'Sundance Group (Thailand)', 'Sundance Group (Thailand)', 'sundancego8@gmail.com', '0899944625', '13.7563', '100.5018', 'https://p-u.popcdn.net/events/posters/000/003/083/large/Untitled-2.png?1520230985', 8, 'https://p-u.popcdn.net/hero_images/desktop_images/000/000/116/medium/40fca800ed77afd6cdff29e2c9ca9940d02f8e0e.png?1519540399'),
(12, 'sun_vsp', 'Basic 101 Textile Digital Printing', 'PINN Creative Space พระราม 9 แขวง ห้วยขวาง เขต ห้วยขวาง กรุงเทพมหานคร ประเทศไทย ', '2018-03-16', '13:00:00', '00:00:00', 30, 'Hobbies', 'paid', 500, 'Basic 101 Textile digital print\r\nอบรมดิจิตอลปริ้นพื้นฐาน (พิมพ์ผ้า)\r\nมาเตรียมความพร้อม ก่อนเริ่มต้นทำธุรกิจ !!\r\nมีภาพวาด ภาพการ์ตูน งานเขียน ภาพถ่าย อยากพิมพ์ลงวัสดุอื่นบ้าง\r\nทำเสื้อขาย พิมพ์ลายบนเสื้อยืด ผ้าพันคอ กระเป๋า ฯลฯ\r\n', 'https://www.youtube.com/watch?v=fEuITTLu8zo', '1.เหมาะสำหรับผู้ไม่มีพื้นฐาน\r\n2.มีจักร หรือไม่มีจักรก็สามารถเรียนได้\r\n3.ทางทีมงานเป็นผู้จัดเตรียมอุปกรณ์ให้ทั้งหมด รวมถึงจักรเย็บผ้า Brother\r\n4.ผู้เรียนไม่สามารถเลือกรุ่นของจักรที่ใช้เรียนได้\r\n5.สามารถเลื่อนคลาสเรียนได้ 1 ครั้งเท่านั้น โดยแจ้งล่วงหน้าได้ที่ 021681160 หรือ inbox', 'ไม่มี', 'PINN Creative Space', 'PINN Creative Space', 'pcs.rama9@pinncreative.com', '021681160', '13.7563', '100.5018', 'https://p-u.popcdn.net/events/covers/000/002/910/cover/3.png?1518935667', 9, 'https://p-u.popcdn.net/hero_images/desktop_images/000/000/123/medium/3a642351b773bce975e098a86bec96be35a12090.jpg?1520487458'),
(13, 'toon', 'Wecosystem Public Talk `New Economy: Small Business and Entrepreneurship in Silicon Valley\'', 'Wecosystem, Lumphini, Pathum Wan, Bangkok, Thailand ', '2018-03-12', '18:00:00', '00:00:00', 100, 'Business', 'free', NULL, 'Wecosystem ร่วมกับ University of San Francisco จัด Public Talk ในหัวข้อ New Economy: Small Business & Entrepreneur in Silicon Valley โดย Professor Gleb Nikitenko, Program Director of The School of Management ในวันจันทร์ที่ 12 มีนาคม 2561 เวลา 18.00 - 19.00 น.\r\n\r\n*ไม่มีค่าใช้จ่าย\r\n\r\n**รับผู้เข้าร่วมจำนวนจำกัด', 'https://www.youtube.com/watch?v=s4EdXc36KrA', 'ไม่มีเงือนไข', 'ไม่มีเงือนไข', '-', '-', 'info@wecosystem.co', '062-593-2224', '13.7563', '100.5018', 'https://p-u.popcdn.net/events/covers/000/003/088/cover/USFTalk-01.png?1520174428', 0, ''),
(15, 'toon', 'Character Design for Business ครั้งที่3', 'HUBBA-TO พระโขนงเหนือ, วัฒนา, Bangkok, Thailand ', '2018-03-16', '10:00:00', '00:00:00', 100, 'Business', 'free', NULL, 'Character Design for Business ครั้งที่ 3\r\n    \r\n\r\n      ไม่ใช่ แค่ความกุ๊กกิ๊ก หรือความน่ารักที่ดีต่อใจ แต่ ‘Character Design’ ยังเป็นสื่อกลางระหว่างแบรนด์และผู้คนได้อย่างดีเยี่ยม ! เป็นเหตุผลว่าทำไมใครๆ ก็อดใจไม่ไหว เมื่อเห็น Character เหล่านี้ ไม่ว่าจะเป็นบนผลิตภัณฑ์เล็กจิ๋ว ใหญ่เบิ้ม หรือสถานที่ต่างๆ ...มาไขความลับเบื้องหลังความสำเร็จของการออกแบบ Character ที่จะช่วยเพิ่มมูลค่าให้กับธุรกิจและส่งต่อความรู้สึกของแบรนด์ได้อย่างมี เอกลักษณ์โดย \'ป๊อป - สุมิตร สีมากุล\' จากเพจ ‘Eat All Day’ ผู้ให้กำเนิดแกะเหลืองแก้มตุ่ยที่สร้างรอบนยิ้มและคว้าหัวใจใครหลายคนมาแล้ว :)\r\n\r\n\r\nคอร์สนี้เหมาะสำหรับ\r\n☻ เจ้าของธุรกิจ ที่ต้องการสร้าง ‘Character’ เพื่อถ่ายทอดเรื่องราวและเอกลักษณ์ของแบรนด์ สู่การสื่อสาร\r\n   กับลูกค้าที่ง่ายยิ่งขึ้น \r\n☻ นักออกแบบ หรือ Freelance ที่ต้องการเข้าใจพื้นฐานในการสร้าง  ‘Character’  ให้บริษัทต่างๆ \r\n\r\nหมายเหตุ : ไม่จำเป็นต้องมีพื้นฐานโปรแกรมออกแบบมาก่อน\r\n\r\n\r\nรายละเอียดคอร์ส\r\nวันที่:	วันเสาร์ที่ 28 เมษายน 2561\r\n\r\nเวลา:	10.00 - 16.00 น.\r\n\r\nสถานที่:	HUBBA-TO (ชั้น 3 Habito Mall อ่อนนุช 1/1)\r\n\r\nบัตรราคา:	Early Bird 2,000 บาท (ก่อน 20 เมษายน  นี้เท่านั้น ด่วน! จำนวนจำกัด)\r\n\r\nRegular	2,900 บาท', 'https://www.youtube.com/watch?v=tB21FyvYbkY', 'ไม่มีเงือนไข', 'ไม่มีเงือนไข', ' ไหมไหม & โส่ ', 'จูน ', 'academy@hubbathailand.com', '0999394164', '13.7563', '100.5018', 'https://p-u.popcdn.net/events/covers/000/002/983/cover/Artboard_3_copy.png?1518161277', 0, ''),
(16, 'toon', '\"OPENWORLD เปลี่ยนความชอบเป็นอาชีพ\" รอบที่ 13 #ชอบวาดรูป', ' KX - Knowledge Exchange Center Thon Buri Bangkok Thailand ', '2018-03-14', '11:00:00', '00:00:00', 500, 'Education', 'free', NULL, 'เมื่อรู้ว่าชอบอะไร แต่ไม่รู้จะเรียนคณะอะไร?\r\nจบไปจะทำอาชีพอะไร?\r\nการทำงานแบบไหนที่เราจะมีความสุข?\r\nมาหาคำตอบกันที่งาน... “OPENWORLD เปลี่ยนความชอบเป็นอาชีพ”\r\nถึงเวลาเปิดโลกให้เหล่านักเรียนมัธยมได้ค้นพบ “อาชีพ” และ “อนาคต” ที่ใช่ จากสิ่งที่ชอบ\r\nOPENWORLD คืออะไร?\r\nงานนี้เป็นงานที่จะพาน้องๆ วัยมัธยม (รวมถึงผู้ปกครอง) มาร่วมกันค้นหาเส้นทางสู่อนาคต เพื่อตอบคำถามว่า \"อนาคตอยากเป็นอะไร?\" ด้วยโจทย์ใหม่ที่ง่ายกว่าคือ \"แล้วเราชอบอะไรล่ะ?\" มาร่วมเปลี่ยนความชอบสู่แนวทางอนาคตที่ใช่ ด้วยประสบการณ์อาชีพที่เกี่ยวข้องกับสิ่งที่ชอบจากพี่ๆ ต้นแบบอาชีพ และพูดคุยเรื่องการเรียนต่อกับพี่จากคณะต่างๆ ที่ตรงกับความชอบของน้องๆ รับรองว่าตลอด 4 ชั่วโมงน้องจะต้องพบคำตอบให้กับอนาคตแน่นอน!\r\n\r\n', 'https://www.youtube.com/watch?v=wqVPXeMpQwM', 'ไม่มีเงือนไข', 'ไม่มีเงือนไข', '-', '-', 'info@a-chieve.org', '+66876102391', '13.7563', '100.5018', 'https://p-u.popcdn.net/attachments/images/000/005/024/large/opw2017-logo.png?1499192172', 0, ''),
(17, 'toon', '\"OPENWORLD เปลี่ยนความชอบเป็นอาชีพ\" รอบที่ 12 #ชอบเที่ยวชอบเดินทาง', 'KX - Knowledge Exchange Center Thon Buri Bangkok Thailand ', '2018-03-16', '11:00:00', '00:00:00', 200, 'Education', 'free', NULL, 'เมื่อรู้ว่าชอบอะไร แต่ไม่รู้จะเรียนคณะอะไร?\r\nจบไปจะทำอาชีพอะไร?\r\nการทำงานแบบไหนที่เราจะมีความสุข?\r\nมาหาคำตอบกันที่งาน... “OPENWORLD เปลี่ยนความชอบเป็นอาชีพ”\r\nถึงเวลาเปิดโลกให้เหล่านักเรียนมัธยมได้ค้นพบ “อาชีพ” และ “อนาคต” ที่ใช่ จากสิ่งที่ชอบ\r\nรอบที่ 12 #ชอบเที่ยวชอบเดินทาง\r\nวันที่จัดงาน วันอาทิตย์ที่ 27 สิงหาคม 2560 เวลา 13:00-17:30 น.\r\nสถานที่ KX : Knowledge Exchange (ใกล้ BTS วงเวียนใหญ่)\r\nOPENWORLD คืออะไร?\r\nงานนี้เป็นงานที่จะพาน้องๆ วัยมัธยม (รวมถึงผู้ปกครอง) มาร่วมกันค้นหาเส้นทางสู่อนาคต เพื่อตอบคำถามว่า \"อนาคตอยากเป็นอะไร?\" ด้วยโจทย์ใหม่ที่ง่ายกว่าคือ \"แล้วเราชอบอะไรล่ะ?\" มาร่วมเปลี่ยนความชอบสู่แนวทางอนาคตที่ใช่ ด้วยประสบการณ์อาชีพที่เกี่ยวข้องกับสิ่งที่ชอบจากพี่ๆ ต้นแบบอาชีพ และพูดคุยเรื่องการเรียนต่อกับพี่จากคณะต่างๆ ที่ตรงกับความชอบของน้องๆ รับรองว่าตลอด 4 ชั่วโมงน้องจะต้องพบคำตอบให้กับอนาคตแน่นอน!', 'https://www.youtube.com/watch?v=zGji2zX-rYw', 'ไม่มีเงือนไข', 'ไม่มีเงือนไข', '-', '-', 'info@a-chieve.org', '+66876102391', '13.7563\r\n', '100.5018', 'https://p-u.popcdn.net/events/covers/000/001/932/cover/opw2017-cover12.png?1499205552', 0, ''),
(18, 'toon', '\"OPENWORLD เปลี่ยนความชอบเป็นอาชีพ\" รอบที่ 11 #ชอบภาษา', 'KX - Knowledge Exchange Center Thon Buri Bangkok Thailand ', '2018-03-14', '10:00:00', '00:00:00', 200, 'Education', 'free', NULL, 'เมื่อรู้ว่าชอบอะไร แต่ไม่รู้จะเรียนคณะอะไร?\r\nจบไปจะทำอาชีพอะไร?\r\nการทำงานแบบไหนที่เราจะมีความสุข?\r\nมาหาคำตอบกันที่งาน... “OPENWORLD เปลี่ยนความชอบเป็นอาชีพ”\r\nถึงเวลาเปิดโลกให้เหล่านักเรียนมัธยมได้ค้นพบ “อาชีพ” และ “อนาคต” ที่ใช่ จากสิ่งที่ชอบ\r\nรอบที่ 11 #ชอบภาษา\r\nวันที่จัดงาน วันอาทิตย์ที่ 27 สิงหาคม 2560 เวลา 8:00-12:30 น.\r\nสถานที่ KX : Knowledge Exchange (ใกล้ BTS วงเวียนใหญ่)\r\nOPENWORLD คืออะไร?\r\nงานนี้เป็นงานที่จะพาน้องๆ วัยมัธยม (รวมถึงผู้ปกครอง) มาร่วมกันค้นหาเส้นทางสู่อนาคต เพื่อตอบคำถามว่า \"อนาคตอยากเป็นอะไร?\" ด้วยโจทย์ใหม่ที่ง่ายกว่าคือ \"แล้วเราชอบอะไรล่ะ?\" มาร่วมเปลี่ยนความชอบสู่แนวทางอนาคตที่ใช่ ด้วยประสบการณ์อาชีพที่เกี่ยวข้องกับสิ่งที่ชอบจากพี่ๆ ต้นแบบอาชีพ และพูดคุยเรื่องการเรียนต่อกับพี่จากคณะต่างๆ ที่ตรงกับความชอบของน้องๆ รับรองว่าตลอด 4 ชั่วโมงน้องจะต้องพบคำตอบให้กับอนาคตแน่นอน!', 'https://www.youtube.com/watch?v=LexxIbdpZxI', 'ไม่มีเงือนไข', 'ไม่มีเงือนไข', '-', '-', 'info@a-chieve.org', '+66876102391', '13.7563\r\n', '100.5018', 'https://p-u.popcdn.net/events/covers/000/001/931/cover/opw2017-cover11.png?1499205468', 34, ''),
(19, 'toon', 'เวิร์คช็อป Family Reconnect โดย AIS สานรัก', 'AIS D.C. ชั้น 5 ศูนย์การค้าดิ เอ็มโพเรียม ', '2018-03-15', '15:00:00', '00:00:00', 200, 'Family', 'free', NULL, '“Family Reconnect”\r\nกิจกรรมเวิร์คช็อปโดย AIS สานรัก\r\nเวิร์คช็อปสำหรับครอบครัวยุคดิจิทัลที่จะเปิดโอกาสให้พ่อ แม่ ลูกได้ทำ Social Media Test ข้อสอบวัดระดับความเข้าใจการใช้งานโซเชียล มีเดียครั้งแรกของประเทศไทย พร้อมกิจกรรมที่จะช่วยเพิ่มทักษะการสื่อสารบนโลกออนไลน์ให้กลายเป็นเรื่องง่าย ไม่ว่าจะพูดคุย แชท ไลน์หรือโพสต์ก็ไม่มีปัญหา \r\nภายในงานพบกับ\r\nพูดคุยแลกเปลี่ยนประสบการณ์กับคนรุ่นใหม่อย่าง แพรวา – ณิชาภัทร ฉัตรชัยพลรัตน์ และ จูนจูน – พัชชา พูนพิริยะ พร้อมคุณพ่อคุณแม่ ที่จะมาร่วมแชร์แนวคิดดีๆ และเคล็ดลับในการใช้งานโซเชียล มีเดีย ที่ไม่เคยเปิดเผยที่ไหนมาก่อน \r\nสุดท้ายกับการเวิร์คช็อปกลุ่มสุดพิเศษ Family Reconnect โดยครูกุ๊กไก่ เจ้าของโรงเรียนการแสดง Action Play ที่จะช่วยให้ผู้ร่วมกิจกรรมได้เปิดใจเข้าหากัน และกระชับความสัมพันธ์ให้ครอบครัวได้กลับมาใกล้กันอีกครั้ง\r\n', 'https://www.youtube.com/watch?v=ZQKRuQBN54k', 'ไม่มีเงือนไข', 'ไม่มีเงือนไข', '-', '-', 'ae@eventpop.me', '062-593-2224', '13.7563\r\n', '100.5018', 'https://p-u.popcdn.net/events/covers/000/002/303/cover/AIS_Sarnrak_Activity851x400_for_real.jpg?1504790686', 0, ''),
(20, 'toon', 'SME FAMILY CHARITY RALLY : way to the oscar 2018', ' โรงแรมอิมพีเรียล พัทยา', '2018-03-30', '11:00:00', '00:00:00', 500, 'Family', 'free', NULL, '- กำลังมองหา เพื่อนคู่คิด\r\n\r\n- พาร์ทเนอร์ที่ไม่ใช่แค่พาร์ทเนอร์\r\n\r\n- หากคุณกำลังมองหา Event แจ่มๆ\r\n\r\n- เวลาเพื่อเติมเต็มชีวิต\r\n\r\nคุณมีนัดกับ SME Family Charity Rally สมาพันธ์SMEไทย ที่กลับมาปีนี้ ไม่ใช่แค่สนุกขึ้นหลายเท่า ทั้งยังมีการเต็มเต็มมิตรภาพและรอยยิ้ม เสียงหัวเราะ ของเพื่อนๆ พี่ๆ น้องๆ อย่าพลาดด้วยประการทั้งปวง!\r\n\r\nแล้วพบกัน 22-23 กรกฎาคม พ.ศ. 2560 นี้ งานนี้ ฟิน!\r\n\r\nณ รร.อิมพีเรียล พัทยา\r\n\r\nราคาคันละ 5,900 บาท / 2 ท่าน\r\n\r\nพิเศษ สมาชิกสมพ. 5,500 บาทเท่านั้น\r\n\r\nสนใจติดต่อ http://goo.gl/2m8DQH\r\n\r\nตามข่าว\r\n\r\nLine@ http://goo.gl/2m8DQH\r\n\r\nFacebook https://goo.gl/dfNHdv\r\n\r\nคุยกับประธาน https://goo.gl/YMYTCT\r\n\r\nรายละเอียดแรลลี่สมาพันธ์ SME ไทย ราคาพิเศษ\r\n1) รถ 1 คัน ผู้เข้าร่วมแข่งขัน 2 คน ห้องพัก 1 ห้องสำหรับ 2 คน ราคา 5,500 บาท\r\n\r\n2) รถ 1 คัน ผู้เข้าร่วมแข่งขัน 3 คน ห้องพัก 1 ห้องสำหรับ 3 คน ราคา 8,250 บาท\r\n\r\n3) รถ 1 คัน ผู้เข้าร่วมแข่งขัน 4 คน ห้องพัก 2 ห้องสำหรับ 2 คนต่อห้อง ราคา 11,000 บาท\r\n\r\n4) ผู้เข้าร่วมแข่งขัน (หรือไม่ร่วมแข่งขัน) 1 คน ห้องพัก 1 ห้องสำหรับ 1 คน (พักเดี่ยว) ราคา 3,750 บาท\r\n\r\n5) ผู้เข้าร่วมแข่งขัน (หรือไม่ร่วมแข่งขัน) 1 คน สามารถพักรวมกับผู้เข้าแข่งขันท่านอื่นได้ (สมาพันธ์เป็นผู้กำหนดห้องให้) ราคา 2,750 บาท\r\n\r\n6) เด็กที่สามารถพักร่วมกับผู้ปกครองได้ (ไม่ต้องการเตียงเสริม) เข้าร่วมกิจกรรมฟรี \r\n\r\n7) เตียงเสริมราคา 2,750 บาท รวมค่าอาหารและเบรคทุกมื้อ', 'https://www.youtube.com/watch?v=9V_6joY0I3U', 'ไม่มีเงือนไข', 'ไม่มีเงือนไข', '-', '-', 'thaismenetwork@gmail.com', '0610284007', '13.7563\r\n', '100.5018', 'https://p-u.popcdn.net/events/covers/000/002/066/cover/AW_COVER_1702_x_800_pixel-01.jpg?1499863883', 0, ''),
(21, 'toon', '‘The Family Vase’ by Wandschappen in collaboration with Jim Thompson', 'Thapae East - Venue for Creative Arts, Thapae Road 88, Chiang Mai, Thailand', '2018-04-20', '10:00:00', '00:00:00', 500, 'Family', 'free', NULL, 'Working language: English\r\n\r\nDesigners Profile: Being an artist for Driessens & van den Baar means that they show how they see their world and create their own visual world to communicate this vision. Both artists are strongly connected to handcraft, shown in techniques with textile, painting and photography. The process of research and making in the studio is essential for their work. Since 1999 all the works have been developed together. In 1999 Driessens & van den Baar founded the design company WANDSCHAPPEN. Since 2009 they have developed products in their studio, based on their visual art concepts, transformed into producible designs. Their love for textiles and crafts has lead to high quality handmade designs, shown and sold worldwide. The best known collections are the Felt Plants, Felt Vases and Felt Wall Objects.\r\n\r\n\r\nActivity: Why do people live where they live and how do they make the place their home ?\r\n\r\nMore and more people decide to leave their birthplace to start a new life somewhere else in the world. For the new beginning they usually bring limited amount of personal belongings, such as furniture, home textiles, family portraits, religious signs, flowers and plants.\r\n\r\nBut what are the signs that they settle down and plan to stay for longer time?\r\n\r\nAs time passes and they get more familiar with the new environment, they will start decorate their house to make it a new home.\r\n\r\nAs part of Chiang Mai Design Week WANDSCHAPPEN invites the public to become part of this feeling: design a home icon, a vase for the family table, that will transform your house into a personal Home. The vase will be designed and worked out with the participants from  wool felt produced in Europe (brand: HOLLANDFELT) in combination with Thai silk from the world famous Jim Thompson.\r\n\r\n\r\nSchedule of the workshop:\r\n\r\n- introduction of the work of Driessens & van den Baar WANDSCHAPPEN\r\n\r\n- presentation of The Family Vase with a prototype and material\r\n\r\n- drawing and designing the vase by the participants\r\n\r\n- drawing and cutting sewing patterns \r\n\r\n- sewing the inside and outside vase, assemble the final object\r\n\r\n- photoshoot of final objects', 'https://www.youtube.com/watch?v=m-zgsuwshIU', 'ไม่มีเงือนไข', 'ไม่มีเงือนไข', '-', '-', 'lidiavajda@gmail.com', '099 450 3086', '13.7563\r\n', '100.5018', 'https://p-u.popcdn.net/events/covers/000/001/169/cover/Screen_Shot_2016-11-01_at_19.13.19.png?1478691901', 0, ''),
(22, 'toon', 'FITFEST presents STRONG MAN BY MUSCLE FACTORY', 'Royal Paragon Hall Rama I Road Bangkok Thailand ', '2018-03-24', '09:00:00', '00:00:00', 200, 'Health', 'free', NULL, 'FITFEST STRONG MAN\r\nRules\r\n- Strong man – no restrictions on age and nationality. \r\n- Strong woman -  no restrictions on age and nationality. \r\n- All applicants must register at 10.00 hours at FITFEST, ROYAL PARAGON HALL, 5th Floor, at the Muscle Factory Booth to qualify. Contestants who do not make it in time for registration forfeit their rights to compete. \r\n- Contestants must complete all three stations to collect points.\r\n-Contestants must be dressed in suitable sport attire to prevent injury.\r\n \r\nApplication: Procedure and Deadline\r\nApply today until December 12.\r\nApplicants will be limited to 30 men and 15 women. ', 'https://www.youtube.com/watch?v=10iK75IIslo', 'ไม่มีเงือนไข', 'ไม่มีเงือนไข', '-', '-', 'pop@eventpop.me', '062-593-2224', '13.7563\r\n', '100.5018', 'https://p-u.popcdn.net/events/covers/000/002/627/cover/Collection_Banner-05.png?1512495636', 6, 'https://p-u.popcdn.net/hero_images/desktop_images/000/000/119/medium/5b4c80de61ac35fc89d51ecb44bcc5201ba97616.jpg?1519815628'),
(23, 'toon', 'FITFEST presents F45 PLAYOFFS', ' Royal Paragon Hall Rama I Road Bangkok Thailand ', '2018-03-25', '13:00:00', '00:00:00', 100, 'Health', 'free', NULL, 'F45 PLAYOFF\r\nRules\r\n- Men, 18 years and above,  with no restrictions on nationality (those under 18 need to have parental consent) \r\n- Women, 18 years and above,  with no restrictions on nationality (those under 18 need to have parental consent) \r\n- All applicants must register at 10.00 hours at FITFEST, ROYAL PARAGON HALL, 5th Floor, at the F45 Booth to qualify. Contestants who do not make it in time for registration forfeit their rights to compete. \r\n- The organizers reserve the right to refuse participation for those with heart disease or high blood pressure. All participants assert that they are in good health and in proper physical condition to safely participate in the F45P event.\r\n- Contestants must be dressed in suitable sport attire to prevent injury.\r\n- Contestants must follow the recommendations of the F45 referees.\r\n** A first aid unit is available at Fitfest. However, contestants must assume ALL THE RISKS OF  PARTICIPATING IN THIS EVENT, AS WELL AS ANY AND ALL OTHER RISKS associated with participating in this event.\r\n\r\nApplication: Procedure and Deadline\r\nApply today until December 12. There is no limitation on the number of contestants.\r\n\r\nCompetition and Judgment Criteria\r\n- There are 10 stations. Contestants will spend 45 econds at each station and rest for 15 seconds, leading to a total contest time of 10 minutes. Further details at https://youtu.be/RJt 1 RSebHho\r\n- The winner will be contestant with the highest cumulative score from all stations.\r\n- Do not act in any way that constitutes a harassment of other competitors. Those found doing so will forfeit their right to compete.\r\n- Contestants must pass all stations, and cannot skip any station. If that station can not be completed successfully, that contestants will have to wait for 45 seconds until the time is exhausted before proceeding to the next station. Intentially not trying to complete a station can lead to disqualification \r\n- Contestants are not permitted to practice at the venue on the day of the competition.\r\n- A F45 referee will follow each contestant to record scores of each contestant throughout the 10 minutes.\r\n- Instructions and directives of the Board of F45 will be final.', 'https://www.youtube.com/watch?v=ax_xBi1eYgg', 'ไม่มีเงือนไข', 'ไม่มีเงือนไข', '-', '-', 'pop@eventpop.me', '062-593-2224', '13.7563\r\n', '100.5018', 'https://p-u.popcdn.net/events/covers/000/002/626/cover/Collection_Banner-03.png?1512495564', 0, ''),
(24, 'ton', 'FITFEST presents Trampoline by 911', 'Royal Paragon Hall Rama I Road Bangkok Thailand ', '2018-12-16', '10:00:00', '00:00:00', 100, 'Health', 'free', NULL, 'Please read and understand the  ACKNOWLEDGMENT, WAIVER AND RELEASE FROM LIABILITY arising from participation in Fitfest activities, as found in this link.\r\nhttps://docs.google.com/document/d/1CqmIG_XCPH8YkCXJWFhu-KOfjaG8NMFxV5PQ5Msxg_4/edit', 'https://www.youtube.com/watch?v=mZpogA6irKY', 'ไม่มีเงือนไข', 'ไม่มีเงือนไข', '-', '-', 'pop@eventpop.me', '062-593-2224', '', '', 'https://p-u.popcdn.net/events/covers/000/002/619/cover/Collection_Banner-04.png?1512495153', 0, ''),
(25, 'toon', 'สวนขวดใหญ่ (Big Terrarium) – Premium Workshop', 'Baan Kang Wat Su Thep Chiang Mai Thailand ', '2018-04-18', '08:00:00', '00:00:00', 300, 'Hobbies', 'free', NULL, 'สวนขวดใหญ่ (Big Terrarium) – Premium Workshop\r\n\r\n จำนวน 2 รอบ\r\nรอบแรก 10.30 - 13.30 น.\r\nรอบสอง 14.00 - 17.00 น.\r\n\r\nปลายปีนี้มาสนุกเชิงสร้างสรรค์ไปด้วยกันที่จังหวัดเชียงใหม่กับนานากิจกรรมเวิร์กชอปงานฝีมือในแบบพรีเมียม ทั้งงานปั้นและการเผาเซรามิกแบบรากุ การสอนทำเครื่องเงินด้วยเครื่องมือโบราณ การย้อมผ้าด้วยสีจากวัตถุดิบธรรมชาติ เทคนิคภาพพิมพ์และทำแม่พิมพ์กระดาษ หรือจะเป็นการจัดสวนไม้ขนาดใหญ่ลงในขวด และยังมีเวิร์กชอปกลางอีกหลากหลายเวิร์กชอป ทั้งการทำของเล่นพื้นบ้านจากวัสดุธรรมชาติ การปั้นและเผานกหวีดโดยใช้ดิน การวาดดอกกุหลาบด้วยเทคนิคสีน้ำ การปั้นและเผาแก้วชาเซรามิก ทั้งหมดนี้สามารถพบกันได้ในงานสวัสดีคราฟท์#3 ตอน \'หนังก่คราฟท์\' งานรื่นเริงประจำปีที่จะชวนคุณมาเล่นสนุก เคล้าลมหนาว ภายใต้บรรยากาศอันอบอุ่นในแบบที่ได้ทั้งสาระและความบันเทิง   ภายในงานยังมีเวิร์กชอปอีกหลากหลายชนิดให้ได้เลือกเข้าร่วมได้ตามความชอบและความสนใจ\r\n', 'https://www.youtube.com/watch?v=DSUemnKam-s', 'ไม่มีเงือนไข', 'ไม่มีเงือนไข', 'baankangwat', 'baankangwat', 'home@baankangwat.com', '0974648715', '13.7563\r\n', '100.5018', 'https://p-u.popcdn.net/events/covers/000/002/673/cover/SWD3_Pop_Event_WS_Cover_1702-x-800-px4.jpg?1512118141', 5, 'https://p-u.popcdn.net/events/covers/000/003/067/cover/callmebyyn2.jpg?1520614944'),
(26, 'toon', 'Sawasdeecraft # 3 ตอน หนังก่คราฟท์', 'Baan Kang Wat 1 123/1 หมู่ 5 Tambon Su Thep, Amphoe Mueang Chiang Mai Chang Wat Chiang Mai 50200, Thailand ', '2018-03-23', '12:00:00', '00:00:00', 200, 'Hobbies', 'free', NULL, 'Sawasdeecraft # 3 ตอน หนังก่คราฟท์\r\n\r\n\"เมื่อลมหนาวพัดกลับมา ก็ได้เวลาของความสนุกอีกครั้ง\"\r\nกับงาน \'สวัสดีคราฟท์ #3\' ในชื่อตอน \'หนังก่คราฟท์\'\r\nงานรื่นเริงประจำปีที่แสนอบอุ่น ภายใต้บรรยากาศอันร่มรื่นของบ้าน`ข้างวัด`\r\nมาเพิ่มรอยยิ้ม และเติมสีสันให้หน้าหนาวปีนี้กับหลากหลายกิจกรรม\r\nทั้งการออกร้านงานคราฟท์ งานศิลปะ และ workshop นานาชนิด\r\nเล่นสนุกไปกับซุ้มเกม และกิจกรรม walk rally\r\nพลาดไม่ได้กับกิจกรรม\'ดูหนังกลางแปลง\'ในช่วงค่ำของทุกวัน\r\nให้เราได้ร่วมเป็นส่วนหนึ่งของความทรงจำ ความสุขและเสียงหัวเราะ\r\nแล้วมาสนุกด้วยกันที่เชียงใหม่...ให้หายคิดถึง', 'https://www.youtube.com/watch?v=DPZfpqWXQV8', 'ไม่มีเงือนไข', 'ไม่มีเงือนไข', '-', '-', 'home@baankangwat.com', '027846481', '13.7563\r\n', '\r\n100.5018', 'https://p-u.popcdn.net/events/covers/000/002/565/cover/SWD3_Pop_Event_Cover_1702-x-800-px_%281%29.jpg?1510317471', 0, ''),
(27, 'toon', 'Code Mania 110: Moving Forwards, Open Source World', 'King Mongkut\'s University of Technology Thonburi Bang Mot Bangkok Thailand ', '2018-03-10', '10:00:00', '00:00:00', 200, 'Technology', 'paid', 500, 'Codemania 110\r\nMoving Forwards, Open Source world\r\nMoving Forwards, Open Source World จะนำเสนอไปในทิศทางว่า ในหลากหลายสิ่งนั้นในปัจจุบันล้วนถูกขับเคลื่อนด้วย Open Source Project ฉะนั้น Code Mania ในครั้งนี้จึงอัดแน่นไปด้วย Session ที่ล้วนเกี่ยวข้องกับ Open Source ในด้านต่างๆ ตั้งแต่ Philosophy , แนะนำ Open Source Project ที่จะช่วยให้การทำงานในแขนงต่างๆ ไม่ว่าจะเป็น Frontend , Backend , Infrastrcutre และ Security ง่ายขึ้น ตลอดจนแนวทางในการร่วมเป็นส่วนหนึ่งในการ Contribute Open source project\r\n    โดยในครั้งนี้ได้รับเกียรติจากเหล่าวิทยากรผู้เชี่ยวชาญจากหลากหลายแขนง ที่จะมาถ่ายทอดวิชาแบบลงลึกถึง technical/code กันภายในงาน\r\n', 'https://www.youtube.com/watch?v=LfI3IG-z3qw', 'ไม่มีเงือนไข', 'ไม่มีเงือนไข', '-', '-', 'contact@thaiprogrammer.org', '0902365005', '13.7563\r\n', '100.5018', 'https://p-u.popcdn.net/events/covers/000/002/446/cover/22548949_1903434249670946_1196438764972050121_o.jpg?1508341285', 0, ''),
(28, 'toon', 'HUBBA STADIUM: STARTUP BATTLE \'FIN TRAVEL EDITION SUPPORTED BY BANGKOK BANK', 'Yim Huai Khwang Hostel Pracha Rat Bamphen 5 Alley Huai Khwang Bangkok Thailand ', '2018-03-27', '17:00:00', '00:00:00', 500, 'Travel', 'free', NULL, 'HUBBA Stadium: Startup Battle ‘Fin Travel Edition’ Supported by Bangkok Bank\r\n\r\n\r\nThere has been a good response since the first two editions.  Now HUBBA Stadium is back with ‘Fin Travel Edition’, an event which brings together a team of business planners, designers and developers who will work together over two days and three nights to create startups focused on the goal of improving the efficiency of the travel industry through the utilization of financial technologies. We are able to organize this event with the support of Bangkok Bank, the official sponsor of this edition.\r\nWhat is HUBBA Stadium : Startup Battle\r\nThis event offers an opportunity to business planners, developers and designers to work together to share ideas and to collaborate on building a startup in a simulated situation.  Over three days and two nights attendees will face the challenges of planning a business and learn about how to persevere through the ups and downs of planning a business.  At the start of the event attendees who wish to share a startup concept will have the opportunity to pitch their idea; attendees will then have a chance to vote for the idea which resonates with them and to form a team with other like minded participants.  Teams will work to create a startup with the help of experienced mentors who will work with each team individually.  Additional workshops and activities will help develop knowledge of how startups are built and will keep participants engaged and interested throughout the event.  On the final day each team will pitch their product and share the ideas they have developed.  Our experts will offer suggestions about how these projects can continue to grow.  ', 'https://www.youtube.com/watch?v=sQVCYVfHZgE', 'ไม่มีเงือนไข', 'ไม่มีเงือนไข', '-', '-', '-', '086-988-7703', '13.7563\r\n', '\r\n100.5018', 'https://p-u.popcdn.net/events/covers/000/000/897/cover/HB_Stadium_travel-EVPOP.png?1472388884', 0, ''),
(29, 'sun_vsp', 'Chic Hills To Shake Hand!', ' Pakchong Travel Dot Com ตำบล ปากช่อง นครราชสีมา ประเทศไทย ', '2018-04-03', '16:00:00', '00:00:00', 1000, 'Travel', 'free', NULL, 'หมู่บ้านเล็กๆกลางหุบเขาที่ปากช่อง มีคนกลุ่มหนึ่งพวกเขาได้รวมตัวกัน\r\nเพื่อสร้างเทศกาลดนตรีในบรรยากาศที่อบอุ่นและเป็นกันเอง ในสไตล์ คันทรี่อังกฤษ\r\nยินดีต้อนรับสู่งานเทศกาลดนตรี\r\nChang Music Connection\r\nPresents\r\n\"CHIC HILLS TO SHAKE HAND\"', 'https://www.youtube.com/watch?v=VSVFFrmX7QY', 'ไม่มีเงือนไข', 'ไม่มีเงือนไข', '-', '-', '-', '0988299924', '13.7563\r\n', '\r\n100.5018', 'https://p-u.popcdn.net/events/covers/000/000/796/cover/E-Chang01.jpg?1470390603', 0, ''),
(30, 'toon', 'Startup Weekend Bangkok 2015 : Travel Edition', 'HUBBA Thailand Watthana Bangkok Thailand ', '2018-03-23', '09:00:00', '00:00:00', 100, 'Travel', 'free', NULL, 'Startup Weekend Bangkok 2018: Travel Edition\r\n\"How can technology improve the travel life cycle\"\r\n\r\n\r\nEver wondered what it takes to be an entrepreneur?  \r\n\r\nThe professional and personal challenges, the high and lows, the failures and the success?  \r\n\r\nStartup Weekend is a global grassroots movement of active and empowered entrepreneurs who are learning the basics of founding startups and launching successful ventures. It is the largest community of passionate entrepreneurs with over 1800 past events in 120 countries around the world in 2014.\r\n\r\nThe non-profit organization is headquartered in Seattle, Washington but Startup Weekend organizers and facilitators can be found in over 200 cities around the world. From Mongolia to South Africa to London to Brazil, people around the globe are coming together for weekend long workshops to pitch ideas, form teams, and start companies.\r\n\r\nAll Startup Weekend events follow the same basic model: anyone is welcome to pitch their startup idea and receive feedback from their peers. Teams organically form around the top ideas (as determined by popular vote) and then it’s a 54 hour frenzy of business model creation, coding, designing, and market validation. The weekends culminate with presentations in front of local entrepreneurial leaders with another opportunity for critical feedback.\r\n\r\nWhether entrepreneurs found companies, find a cofounder, meet someone new, or learn a skill far outside their usual 9-to-5, everyone is guaranteed to leave the event better prepared to navigate the chaotic but fun world of startups. If you want to put yourself in the shoes of an entrepreneur, register now for the best weekend of your life!   ', 'https://www.youtube.com/watch?v=cJRlyyEI9Xg', 'ไม่มีเงือนไข', 'ไม่มีเงือนไข', '-', '-', '-', '0987453215', '13.7563\r\n', '\r\n100.5018', 'https://p-u.popcdn.net/events/covers/000/000/071/cover/eventpop.jpg?1434900309', 0, ''),
(31, 'toon', 'INTANIA91 SPORT PARTY', ' Larngear, Faculty of Engineering, Chulalongkorn University ', '2018-02-24', '08:00:00', '00:00:00', 500, 'Sports', 'free', NULL, 'คิดถึงกันป๊าว? ไม่เจอกันนาน\r\nงานเลี้ยงรุ่น 91 มาแล้วจ้าา!!\r\nเตรียมพบกับความสนุกสนานครั้งยิ่งใหญ่แห่งปี \r\nจับเข่าล้อมวงถามสารทุกข์สุขดิบในบรรยากาศสุดหรูกลางลานเกียร์พร้อมดินเนอร์บุฟเฟ่ต์ระดับมิชลิน 91 ดาว ! อิ่มแล้วก็นั่งจิบเบียร์คราฟฟังเพลงลุ้นของรางวัล โน้นนั่นนี่โอ้ยจะเยอะไปไหน', 'https://www.youtube.com/results?search_query=SPORT+%E0%B8%81%E0%B8%B5%E0%B8%AC%E0%B8%B2%E0%B8%88%E0%B8%B8%E0%B8%A6%E0%B8%B2', 'ไม่มีเงือนไข', 'ไม่มีเงือนไข', '-', '-', 'Intania91@hotmail.com', '0865677007', '13.7563\r\n', '\r\n100.5018', 'https://p-u.popcdn.net/events/covers/000/002/761/cover/Screen_Shot_2560-12-16_at_1.27.15_AM.png?1513362442', 0, ''),
(32, 'toon', 'HONDA GET GLOW RUN', 'สะพานพระราม 8 และทางคู่ขนานลอบฟ้าบรมราชชนนี', '2018-01-13', '08:00:00', '00:00:00', 300, 'Sports', 'free', NULL, 'HONDA GET GLOW RUN\r\n \r\nกลับมาอีกครั้งกับการรวมพลังชาวกรุงเทพฯ กิจกรรมวิ่งการกุศลเพื่อมอบรายได้ส่วนหนึ่งหลังหักค่าใช้จ่ายสมทบทุนให้กับการกุศล\r\n\r\nมหกรรมวิ่งเรืองแสง  สนุกไปกับการวิ่งกลางคืน\r\nพร้อมกิจกรรมต่าง ๆ ที่ให้นักวิ่งทุกคน ได้ร่วมสนุก เช่น\r\n- Boost up ร่างกายไปกับบีทดนตรีก่อนออกวิ่งโดยดีเจชื่อดังจาก Trasher Bangkok\r\n- Booth Activity จากผู้สนับสนุนการวิ่งที่นำรางวัลมาแจกในวันงาน\r\n- Selfie  Awards กิจกรรมถ่ายภาพสำหรับผู้ซื้อบัตร ลุ้นรางวัลมูลค่ารวมกว่า 1 แสนบาท\r\n \r\n  \r\nวันจัดงาน    :  13 มกราคม 2561\r\nเส้นทาง      :  ทางคู่ขนานลอยฟ้าบรมราชชนนี\r\nระยะทาง     :  MINI MARATHON และ FUN RUN \r\n                 (เนื่องจากเป็นการวิ่งการกุศลไม่มีการจับเวลาและการแข่งขัน )\r\n  กำหนดการวิ่ง\r\n21.00                เริ่มกิจกรรมบริเวณงานและกิจกรรมของผู้สนับสนุน\r\n21.10 – 21.40    DJ ON GROUND BY DJ GET 102.5\r\n21.40 – 22.00    เปิดงานอย่างทางการ\r\n22.00 – 22.30    DJ ON GROUND  BY DJ GET 102.5\r\n22.30 – 23.30    DJ SPIN BY BANGKOK TRASHER\r\n23.30 – 24.00    DJ ON GROUND  BY DJ GET 102.5\r\n24.00 – 24.10    DJ ON STAGE BY DJ GET 102.5\r\n24.10 – 24.20    WARM UP\r\n24.20 – 24.30    ตั้งแถวปล่อยตัว MINI MARATHON\r\n24.30               ปล่อยตัวประเภท MINI MARATHON\r\n24.30 – 24.40    ตั้งแถวปล่อยตัว FUN RUN\r\n24.40               ปล่อยตัวประเภท FUN RUN\r\n                       เข้าเส้นชัยรับเหรียญที่ระลึกและถ่ายภาพตามอัธยาศัย ', 'https://www.youtube.com/watch?v=e9smvFLwLtE', 'ไม่มีเงือนไข', 'ไม่มีเงือนไข', '-', '-', '-', '0985124576', '13.7563\r\n', '\r\n100.5018', 'https://p-u.popcdn.net/events/covers/000/002/485/cover/Aw_GGR_Event_pop%C2%A0Page__edited-02.jpg?1511931677', 0, ''),
(33, 'toon', 'งานสัมนา TGA Dev Day วันที่ 1\r\n\r\nงานสัมมนาด้านกีฬา\r\n', 'สวนลุมพินี เขต ปทุมวัน กรุงเทพมหานคร ประเทศไทย ', '2018-08-16', '10:00:00', '00:00:00', 500, 'Sports', 'free', NULL, 'ผู้บรรยาย : Chris Murphy จาก Epic Games\r\n\r\nAgenda :\r\n12.00 -13.00     Registration \r\n13.00 - 16.00    Intro to Unreal Engine 4\r\n16.30 - 19.30    Getting started in Technical Art with Unreal Engine 4\r\n\r\n\r\nIntro to Unreal Engine 4\r\n\r\nเรียนรู้พื้นฐานการสร้าง Project เกมแรกใน Unreal Engine ผ่าน Starter content โดยใช้ระบบ Blueprint visual scripting ของ UE4 ซึ่งไม่ว่าจะเป็น คนทำอาร์ต, คนออกแบบเกม หรือ โปรแกรมเมอร์ ก็สามารถใช้งานได้ง่าย  \r\n\r\n(ผู้เข้าฟังบรรายควรมีพื้นฐานการสร้างเกม 3 มิติ แต่ไม่จำเป็นต้องเคยใช้ UE4 มาก่อน คนในสายอาร์ต ออกแบบ หรือเขียนโปรแกรมสามารถเข้าฟังได้)\r\n \r\nYou\'re invited to join Epic Games for Introduction to Unreal Engine, a live training tutorial where participants will learn the basics of creating their first project in Unreal Engine.\r\n\r\nThis introductory tutorial assumes participants have basic 3D game development understanding, but no prior experience with UE4. You will learn the basics of creating a game from starter content using the UE4 Blueprint visual scripting system. Blueprints are easily leveraged by all game development disciplines, so artists, designers, and programmers are welcome.\r\n\r\n\r\nGetting started in Technical Art with Unreal Engine 4\r\n\r\nเรียนรู้การสร้าง Technical Art ใน UE4 โดยใน session นี้จะสอนเทคนิคขั้นสูงสำหรับการสร้างสิ่งแวดล้อมและเอฟเฟคใน UE4 โดยผู้เข้าฟังควรจะมีความรู้ในการสร้าง project ใน UE4 (สอนใน session แรก) เอฟเฟคที่จะสอนสร้าง ใช้ระบบ Blueprint visual scripting ของ UE4 ซึ่งไม่ว่าจะเป็น คนทำอาร์ต, คนออกแบบเกม หรือ โปรแกรมเมอร์ ก็สามารถใช้งานได้ง่าย \r\n\r\n(Session นี้เหมาะกับคนในสายอาร์ตที่ต้องการใช้ประโยชน์จาก assets ที่สร้างมาให้ได้มากที่สุด หรือคนที่ต้องการเข้าใจ asset pipeline อย่างละเอียดเป็นพิเศษ แต่คนสายออกแบบ และสายโปรแกรมเมอร์สามารถเข้าฟังได้)\r\n\r\nYou\'re invited to join Epic Games for Getting Started with Technical Art in Unreal Engine 4, a live training tutorial where participants will learn a series of advanced techniques for creating environments and effects in UE4. This session is ideal for any artists looking to get the most out of their assets or looking to understand the asset pipeline more thoroughly.\r\n\r\nThis tutorial assumes participants have basic previous experience with UE4 and will build upon fundamentals to demonstrate how to develop effects, level tools and enhance their existing projects. These effects will be developed using Blueprints which are easily leveraged by all game development disciplines, so artists, designers, and programmers are welcome.', 'https://www.youtube.com/watch?v=wCafh28nKbQ', 'ไม่มีเงือนไข', 'ไม่มีเงือนไข', '-', '-', 'contact@tga.in.th', '0878401549', '13.7563\r\n', '\r\n100.5018', 'https://p-u.popcdn.net/events/covers/000/002/188/cover/TGA-Dev-Days.png?1502777551', 0, '');
INSERT INTO `event` (`idEvent`, `username`, `eventName`, `location`, `date`, `startTime`, `endTime`, `size`, `category`, `type`, `price`, `details`, `teaserVDO`, `precondition`, `postcondition`, `organizerName`, `contactName`, `email`, `phone`, `latitude`, `longitude`, `imageCover`, `attendView`, `imageSlide`) VALUES
(34, 'toon', 'Yum Fest Bangkok', 'The Jam Factory, Charoen Nakhon Road, Khlong San, Bangkok, Thailand ', '2018-03-10', '15:00:00', '00:00:00', 200, 'Food', 'free', NULL, 'ยัมเฟสท์คือเฟสติวัลอาหารที่รวบรวมของอร่อยจากทั่วทั้งกรุงเทพฯ เพลิดเพลินไปกับอาหารนานาชนิดทั้งไทยและเทศ คาวและหวาน รวมถึงอาหารที่คุณอาจไม่เคยได้ชิม หรือได้เห็นที่ไหนมาก่อน แวะมาชิมและชิลล์กับบรรยากาศสบายๆ ริมแม่น้ำเจ้าพระยาที่ The Jam Factory วันที่ 10-11 มี.ค. นี้\r\n\r\nFOOD STALLS\r\n\r\nอาหารนับเป็นดาวเด่นของงานยัมเฟสท์ เราได้คัดสรรร้านอาหารเด็ดกว่า 40 ร้านที่พร้อมเสิร์ฟความอร่อยให้แก่คุณ ตั้งแต่อาหารไทยต้นตำรับที่คุ้นเคยที่ทำให้คุณหวนนึกถึงอาหารฝีมือคุณย่า ไปจนถึงอาหารนานาชาติละลานตาที่ทำให้คุณอยากทานไปซะหมดทุกร้าน ตั้งแต่พิซซ่าเครื่องเน้นๆ หอยนางรมสดๆ ตัวแน่นๆ ทาโกะยากิกับปลาหมึกชิ้นโต\r\n\r\nหลังจากได้จานเด็ดเหล่านี้มาอยู่ในมือแล้ว มานั่งพักชิมและชิลล์ ฟังดนตรีที่ลานทานอาหารใต้ต้นไม้ใหญ่ที่ตกแต่งไว้อย่างชิค เพื่อให้คุณเพลิดเพลินไปกับบรรยากาศของงานได้อย่างเต็มที่\r\n\r\nร้านเด็ดที่เรารวบรวมมามีทั้ง Peppina, Bamijompalung, Sourced Grocers, The Dock, Snapper NZ, Papaloong Somtam, Seven Spoons, VIVIN, Fat Boy BBQ และอีกมากมาย\r\n\r\nDRINKS\r\n\r\nจิบเบียร์เย็นๆ จากสิงห์ และค็อกเทลสูตรพิเศษที่คิดค้นขึ้นมาเพื่องานยัมเฟสท์โดยเฉพาะ จาก Bootleggers และ The 88 Surawong จากส่วนผสมมพรีเมี่ยม เช่น Fentimans Tonics และ House of Broughton Syrups.\r\n\r\nLIVE ENTERTAINMENT\r\n\r\nนอกจากอาหารเลิศรสแล้วสิ่งที่น่าตื่นตาตื่นใจที่ไม่อยากให้คุณพลาดคือกิจกรรมบนเวที ชมการแสดงสดจาก All-Thidsa Molam Band วงหมอลำชื่อดัง การันตีความมันส์จากเวที Wonderfruit และวงที่มีเพลงฮิตติดหูอย่าง ขอวอน ช่างมัน จากวงสมเกียรติ และโชว์สุดพิเศษจาก ปันปัน หรือ แพนจินา ฮิลส์ ตัวแม่แห่งวงการ drag queen\r\n\r\nFOOD TOUR BY EXPIQUE\r\n\r\nเปิดประสบการณ์การตระเวนชิมรูปแบบใหม่โดย Expique พร้อมราคาพิเศษสำหรับผู้ที่มางานยัมเฟสท์โดยเฉาพะ กับการท่อง ทัวร์ ชิมในย่านใกล้เคียง โดยเราเริ่มออกเดินทางกันจากงานยัมเฟสท์ ชิมอาหารเลิศรสที่ย่านคลองสาน และไปต่อกันที่ย่านดินแดงและวงเวียนใหญ่ รับรองว่าคุณจะได้ชิมอาหารจานที่สายชิมการันตีว่าเด็ดจริง พร้อมกลับมาส่งที่งานยัมเฟสท์เพื่อให้คุณได้ชิมกันได้ต่ออย่างจุใจ', 'https://www.youtube.com/watch?v=zaKz0MLDW6U', 'ไม่มีเงือนไข', 'ไม่มีเงือนไข', '-', '-', 'tara@coconuts.co', '0814514717', '13.7563\r\n', '\r\n100.5018', 'https://p-u.popcdn.net/events/covers/000/003/104/cover/851x400.jpg?1520343793', 0, ''),
(35, 'sun_vsp', 'SCB EASY WTF (What The Food): BNK48 | NEW-JIEW | STAMP | TON | MARIAM', ' Makkasan Station - Airport Rail Link Bangkok Thailand ', '2018-03-14', '11:00:00', '00:00:00', 200, 'Food', 'free', NULL, 'SCB EASY WTF What The Food\r\nOrganized by ARTBOX\r\n\r\n14 March 2018 - 18 March 2018\r\n4PM - MIDNIGHT\r\n\r\nMakkasan Station - Airport Rail Link, Bangkok Thailand\r\n\"So COOL ... So FULL every dishes 30 Baht!\"\r\n\r\n_______________________________\r\n\r\nHow long we cannot find the food within $1 (30 Baht)\r\n\r\nHERE We gather more than 220 food stalls in the heart of Bangkok,\r\n\r\nwhere you can enjoy tons of FOOD and FREE CONCERT everyday.\r\n\r\n', 'https://www.youtube.com/watch?v=GdeoIF0eYg4', 'ไม่มีเงือนไข', 'ไม่มีเงือนไข', '-', '-', 'artboxbangkok@gmail.com', '0895471028', '13.7563\r\n', '\r\n100.5018', 'https://p-u.popcdn.net/events/covers/000/002/888/cover/NN-03.jpg?1516775815', 0, ''),
(36, 'sun_vsp', 'Wonderfruit', 'The Fields at Siam Country Club. Pattaya, Thailand ', '2017-12-14', '12:00:00', '00:00:00', 300, 'Food', 'free', NULL, '“Thailand\'s Wonderfruit Festival is on the front line of a new wave of conscious events spreading across Southeast Asia.” - Everfest\r\n\r\n“A new world sprinkled with beautiful souls, colorful art structures, enchanting music, and thoughtfully curated stages.” - No Fear Of Missing Out\r\n\r\n“An overall immersive experience for all ages... there were vibrant activities to be found in every nook and cranny.” - The Honeycombers\r\n\r\n\r\nWonderfruit is back in December 2017. Join us again for another 4-day celebration of art, music, food and ideas to catalyze positive impact.\r\nWith genre-spanning music from the likes of Roots Manuva, Richie Hawtin, Izzy Bizu and Gui Boratto, as well as stunning art and architecture, world-class culinary offerings, mind-expanding talks and workshops, traditional wellness activities and fun and games for the kids, Wonderfruit is an unforgettable experience.\r\nLive. Love. Wonder.\r\n', 'https://www.youtube.com/watch?v=yfbu-Q0FkTg', 'ไม่มีเงือนไข', 'ไม่มีเงือนไข', '-', '-', '-', '0878401547', '13.7563\r\n', '\r\n100.5018', 'https://p-u.popcdn.net/events/covers/000/001/554/cover/WF_EventPop_Phase3_851_x_400.jpg?1510201307', 0, ''),
(37, 'toon', 'Mustache Takeover Viva Aviv Riverside Festival', ' River City Bangkok Shopping Center, Charoen Krung 24, Talat Noi, Samphanthawong, Bangkok, Thailand ', '2018-04-08', '09:00:00', '00:00:00', 500, 'Food', 'free', NULL, 'MUSTACHE BANGKOK PRESENTS:\r\nMUSTACHE TAKEOVER VIVA AVIV RIVERSIDE\r\n\r\nthis 8 April 2018\r\n\r\nA Sunday Afternoon at Chao Phraya River with groovy, House & Tech-House Music, Food, Art, Tattoo and special others activity\'s\r\n\r\nมัสตาชภูมิใจเสนอ \r\nกิจกรรมพิเศษ มัสตาชเทคโอเวอร์ วีว่า ริเวอร์ไซด์ กรุงเทพ ในเย็นวันอาทิตย์ที่ 8 เมษายน พ.ศ. 2561 ที่จะถึงนี้ ด้วย ดนตรีอิเล็กทรอนิกส์, อาหาร, ศิลปะ และ กิจกรรมพิเศษ อื่นๆ \r\n[TICKETS]\r\nTicket available Online from 1 March 2018 by Event Pop\r\n350THB = Presale (Included 1 Free Drink)\r\n450THB = Door Price (Included 1 Free Drink)\r\nPrice includes the After Party door at Mustache Bangkok at Midnight', 'https://www.youtube.com/watch?v=9PQYBQu8EN0', 'ไม่มีเงือนไข', 'ไม่มีเงือนไข', '-', '-', '-', '0878410159', '13.7563\r\n', '\r\n100.5018', 'https://p-u.popcdn.net/events/covers/000/003/062/cover/1702X800.png?1519836028', 0, ''),
(50, 'toon', 'AUTOMACH 2018 ', 'Pattaya Exhibition And Convention Hall (PEACH) Pattaya City, Bang Lamung District, Chon Buri, Thailand ', '2018-03-28', '08:00:00', '00:00:00', 50, 'Technology', 'free', 0, '\r\nงานสัมมนาและจัดแสดงเทคโนโลยีระบบอัตโนมัติ\r\nพุธที่ 28 – ศุกร์ที่ 30 มี.ค.’61 เวลา 10:00 – 18:00 น. \r\nณ Hall C ศูนย์ประชุม PEACH เมืองพัทยา\r\n(รอยัล คลิฟ โฮเต็ล กรุ๊ป)\r\nเพียงลงทะเบียนเข้าชมงาน ลุ้นรับ iPhone X\r\nภายในวันที่ 15 มีนาคม 2561\r\nพบกับซัพพลายด้านระบบอัตโนมัติสำหรับ Smart Factory ทั้งโรบอต แขนกล\r\nระบบลำเลียงอัจฉริยะ เซ็นเซอร์ โลจิสติกส์ IT for manufacturing ฯลฯ\r\nรวมถึงโซน Smart Supplies ที่จัดเตรียมโปรโมชั่นสำหรับผู้บริหารและฝ่ายจัดซื้อโรงงานอุตสาหกรรม\r\n\r\n\r\nสัมมนาความรู้กว่า 30 หัวข้อ ทั้งด้านระบบอัตโนมัติ, การเพิ่มผลผลิต, Preventive Maintenance,\r\nมาตรการสนับสนุนการลงทุนใน EEC และระบบอัตโนมัติ, ความก้าวหน้าเทคโนโลยีหุ่นยนต์ ฯลฯ\r\nดูรายละเอียดเพิ่มเติมได้ที่ Conference Program\r\n\r\n', 'https://www.youtube.com/watch?v=d2RzAzR0cnE', 'ไม่มีเงื่อนไข', 'ไม่มีเงื่อนไข', 'AUTOMACH', 'AUTOMACH', 'seminar@thaiautomach.com', ' 083-584-6677', '13.7563', '100.5018', 'https://p-u.popcdn.net/events/covers/000/002/971/cover/1517927587235.png?1517933570', 0, ''),
(60, 'sun_vsp', 'YOGA WORKSHOP by AMIT from INDIA', 'Sundance Yoga Studio, Samakkhi Road, Tha Sai, Mueang Nonthaburi District, Nonthaburi, Thailand ', '2018-03-24', '09:00:00', '00:00:00', 50, 'Sports', 'paid', 7900, 'What is special about this workshop?\r\n\r\nThe workshop is personally constructed by the head teacher of the world peach yoga school, Amit payal, who has many years’ experience in teaching at yoga teacher training courses and various yoga programs in India. The present course is ideal choice for all yoga practitioners who requires basement for their yoga practice.\r\n\r\n\r\n\r\nWhat we will learn?\r\nIn this workshop you’ll extend your essential knowledge of yoga both in theory and practice. Moreover, you will learn how to understand your body’s needs through the different asana, how to build your own practice and how to make it safe and more beneficial. At the end of the workshop each student will have clear knowledge and deep understanding about his own body, its abilities and how to work with it to achieve results in yoga.', 'https://www.youtube.com/watch?v=8a4vrzF5t-I', NULL, NULL, 'Sundance Group (Thailand)', 'Sundance Group (Thailand)', 'sundancego8@gmail.com', '0899944625', '13.7563', '100.5018', 'https://p-u.popcdn.net/events/covers/000/003/083/cover/Untitled-1.png?1520230984', 0, ''),
(11448, 'toon', 'Entrepreneurship & Innovation in U.S. & Silicon Valley: The Entrepreneurial Paradigm', 'Conrad Bangkok, Wireless Road, Lumphini, Pathum Wan, Bangkok, Thailand', '2018-03-11', '13:00:00', '00:00:00', 200, 'Business', 'free', NULL, 'LAUNCH YOUR PROFESSIONAL ENTREPRENEURIAL\r\nCAREER FROM SILICON VALLEY\r\nYou are cordially invited to an Information Seminar & USF Special Talk:\r\n\r\nEntrepreneurship & Innovation in The U.S. & Silicon Valley: The Entrepreneurial Paradigm\r\n\r\nPresenter:\r\n\r\nDr. Gleb Niktenko- Director of the Master of Science in Entrepreneurship and Innovation --Department of Entrepreneurship, Innovation, and Strategy. School of Managment, University of San Francisco-- US News and World Report ranked USF as a top 20 Entrepreneurial & Innovation program in the U.S.\r\n\r\nLocation: Beverly Hill II, Conrad Hotel- Wireless Rd. (BTS Ploenchit Station)\r\n\r\nWhen: Sunday, March 11, 2018\r\n\r\n13:00 - 14:00 Undergraduate Programs & Application Process and Scholarship awards\r\n\r\n14:00 - 15:00 Graduation Programs & Application Process and Internships\r\n\r\n15:00 - 17:00 Special talk by USF Faculty Entrepreneurship & Innovation in U.S.  & Silicon Valley', 'https://www.youtube.com/watch?v=m1BWF3aPjdo', 'ไม่มีเงือนไข', 'ไม่มีเงือนไข', 'Warin Ratchananusorn', 'Warin Ratchananusorn', 'krittaya@usfca.edu', '086-061-6388', '13.7563', '100.5018', 'https://p-u.popcdn.net/organizers/avatars/000/000/847/thumb/March11_InfoSeminar_sq.jpg?1520324328', 8, ''),
(11449, 'adminSun', '1', '1', '0011-01-01', '00:00:01', '00:00:01', 11, 'Business', 'free', 0, '1', '1', '1', '11', '1', '1', '1', '1', '', '', 'LINE_P20180228_16322680.jpg', 0, 'LINE_P201835_213646.jpg');

-- --------------------------------------------------------

--
-- Table structure for table `imageevent`
--

CREATE TABLE `imageevent` (
  `idEvent` int(30) NOT NULL,
  `imagePath` varchar(255) NOT NULL
) ENGINE=InnoDB DEFAULT CHARSET=utf8;

--
-- Dumping data for table `imageevent`
--

INSERT INTO `imageevent` (`idEvent`, `imagePath`) VALUES
(11449, '1LINE_P20180228_16322680.jpg'),
(11449, '1LINE_P201835_213646.jpg'),
(33, 'http://img4.tnews.co.th/userfiles/images/tnews_1495600679_6038.jpg'),
(33, 'http://img4.tnews.co.th/userfiles/images/tnews_1495600680_7115.jpg'),
(36, 'http://p-u.popcdn.net/attachments/images/000/006/753/large/Lineup-poster-ph3-2017-eventpop-R2.jpg?1511177585'),
(37, 'http://static.asiawebdirect.com/m/bangkok/portals/bangkok-com/homepage/riverside/nightlife-riverside/allParagraphs/BucketComponent/ListingContainer/08/image/1074534_602690029762898_817313191_o.jpg'),
(25, 'http://static.blisby.com/products/56638251a86333fd/0.jpg'),
(25, 'http://www.baanlaesuan.com/wp-content/uploads/2016/04/%E0%B8%AA%E0%B8%A7%E0%B8%99%E0%B8%82%E0%B8%A7%E0%B8%94.jpg'),
(11448, 'http://www.paggu.com/wp-content/uploads/2011/01/Innovation-in-Entrepreneurs.jpg'),
(1, 'https://cdn-images-1.medium.com/max/1280/1*pycV7qjOFoB6BuLZNJ-QuQ.jpeg'),
(22, 'https://cdn.shopify.com/s/files/1/1151/4444/articles/151e10d5-fa22-4f61-96f9-4f96bf0a6830_1024x1024.jpg?v=1489740973'),
(34, 'https://coconuts.co/wp-content/uploads/2018/03/from-paige-blogger-1-1024x684.jpg'),
(37, 'https://d136usn7jnoe61.cloudfront.net/locations/venues/728/venue_22b575324d2652d33c3ba0d059c40872.jpg'),
(29, 'https://d3d9cvaw5rrb1q.cloudfront.net/attachments/images/000/001/881/original/road.jpg?1469440015'),
(29, 'https://d3d9cvaw5rrb1q.cloudfront.net/attachments/images/000/001/954/original/new-pos07.jpg?1470390481'),
(29, 'https://d3d9cvaw5rrb1q.cloudfront.net/attachments/images/000/001/955/original/timeline03.jpg?1470390565'),
(15, 'https://d3d9cvaw5rrb1q.cloudfront.net/attachments/images/000/002/539/original/unnamed.jpg?1476262521'),
(11448, 'https://encrypted-tbn0.gstatic.com/images?q=tbn:ANd9GcQibHP1CthbkFZ1xDktAvzII5980Es4lE7SkFyyxnz8JpzgFAg0xw'),
(25, 'https://encrypted-tbn0.gstatic.com/images?q=tbn:ANd9GcTxjxa2SJdJlMpdBrB5RVTXtkfUvTwpXdki4Wh5NNva3dKUpVPY'),
(28, 'https://i.ytimg.com/vi/sQVCYVfHZgE/maxresdefault.jpg'),
(16, 'https://p-u.popcdn.net/attachments/images/000/005/108/large/19727214_1816475401700956_1393970755_o.jpg?1499416523'),
(17, 'https://p-u.popcdn.net/attachments/images/000/005/108/large/19727214_1816475401700956_1393970755_o.jpg?1499416523'),
(18, 'https://p-u.popcdn.net/attachments/images/000/005/108/large/19727214_1816475401700956_1393970755_o.jpg?1499416523'),
(20, 'https://p-u.popcdn.net/attachments/images/000/005/144/large/IMG_4797.JPG?1499751504'),
(19, 'https://p-u.popcdn.net/attachments/images/000/005/846/large/speaker2.png?1504586383'),
(19, 'https://p-u.popcdn.net/attachments/images/000/005/858/large/speaker3.png?1504701756'),
(26, 'https://p-u.popcdn.net/attachments/images/000/006/550/large/SWD3_Pop_Event_Poster_2048x2048-px2.jpg?1510317518'),
(12, 'https://p-u.popcdn.net/attachments/images/000/006/709/large/23032406_1467773506592697_7017888446008218342_n.jpg?1511005533\r\n'),
(27, 'https://p-u.popcdn.net/attachments/images/000/006/760/large/CodeMania110_Schedule.jpg?1511262940'),
(27, 'https://p-u.popcdn.net/attachments/images/000/006/778/large/23674767_1940216732659364_6143265493944995229_o.jpg?1511415957'),
(24, 'https://p-u.popcdn.net/attachments/images/000/006/781/large/911_Class-01.png?1511429755'),
(32, 'https://p-u.popcdn.net/attachments/images/000/006/844/large/%E0%B9%80%E0%B8%AA%E0%B8%B7%E0%B9%89%E0%B8%ADGGR900x900-01.jpg?1511931639'),
(23, 'https://p-u.popcdn.net/attachments/images/000/007/020/large/f45.jpg?1512561985'),
(32, 'https://p-u.popcdn.net/attachments/images/000/007/223/large/1514189411685.jpg?1514192778'),
(32, 'https://p-u.popcdn.net/attachments/images/000/007/311/large/how_to.jpg?1515205432'),
(12, 'https://p-u.popcdn.net/attachments/images/000/007/557/large/26803558_10209517567530531_555692212_n.jpg?1516682464'),
(10, 'https://p-u.popcdn.net/attachments/images/000/007/756/large/27583832_10155217199058085_531622246_n.jpg?1517550554'),
(10, 'https://p-u.popcdn.net/attachments/images/000/007/763/large/27399472_10155217207718085_297855032_n.jpg?1517550986\r\n'),
(10, 'https://p-u.popcdn.net/attachments/images/000/007/771/large/27394820_10155217200903085_1810867991_n.jpg?1517552545'),
(10, 'https://p-u.popcdn.net/attachments/images/000/007/772/large/27399817_10155217200293085_222615522_n.jpg?1517552566'),
(7, 'https://p-u.popcdn.net/attachments/images/000/007/812/large/1517927553743.png?1517933631\r\n\'AUTOMACH 2018\''),
(35, 'https://p-u.popcdn.net/attachments/images/000/007/828/large/2-14.jpg?1518144430'),
(35, 'https://p-u.popcdn.net/attachments/images/000/007/829/large/2-15.jpg?1518144450'),
(35, 'https://p-u.popcdn.net/attachments/images/000/007/930/large/2-13.jpg?1518706384'),
(31, 'https://p-u.popcdn.net/attachments/images/000/007/959/large/bg.jpg?1518871658'),
(12, 'https://p-u.popcdn.net/attachments/images/000/007/960/large/27994179_1617714944944600_1924463030_n.jpg?1518935159'),
(12, 'https://p-u.popcdn.net/attachments/images/000/007/962/large/27994261_1617715394944555_1211445671_n.jpg?1518935195'),
(31, 'https://p-u.popcdn.net/attachments/images/000/008/003/large/200218_ticket_final_rev1.png?1519142874'),
(30, 'https://p-u.popcdn.net/events/covers/000/000/071/cover/eventpop.jpg?1434900309'),
(29, 'https://p-u.popcdn.net/events/covers/000/000/796/cover/E-Chang01.jpg?1470390603'),
(28, 'https://p-u.popcdn.net/events/covers/000/000/897/cover/HB_Stadium_travel-EVPOP.png?1472388884'),
(21, 'https://p-u.popcdn.net/events/covers/000/001/169/cover/Screen_Shot_2016-11-01_at_19.13.19.png?1478691901'),
(36, 'https://p-u.popcdn.net/events/covers/000/001/554/cover/WF_EventPop_Phase3_851_x_400.jpg?1510201307'),
(18, 'https://p-u.popcdn.net/events/covers/000/001/931/cover/opw2017-cover11.png?1499205468'),
(17, 'https://p-u.popcdn.net/events/covers/000/001/932/cover/opw2017-cover12.png?1499205552'),
(16, 'https://p-u.popcdn.net/events/covers/000/001/933/cover/opw2017-cover13.png?1499205661'),
(20, 'https://p-u.popcdn.net/events/covers/000/002/066/cover/AW_COVER_1702_x_800_pixel-01.jpg?1499863883'),
(19, 'https://p-u.popcdn.net/events/covers/000/002/303/cover/AIS_Sarnrak_Activity851x400_for_real.jpg?1504790686'),
(27, 'https://p-u.popcdn.net/events/covers/000/002/446/cover/22548949_1903434249670946_1196438764972050121_o.jpg?1508341285'),
(32, 'https://p-u.popcdn.net/events/covers/000/002/485/cover/Aw_GGR_Event_pop%C2%A0Page__edited-02.jpg?1511931677'),
(26, 'https://p-u.popcdn.net/events/covers/000/002/565/cover/SWD3_Pop_Event_Cover_1702-x-800-px_%281%29.jpg?1510317471'),
(24, 'https://p-u.popcdn.net/events/covers/000/002/619/cover/Collection_Banner-04.png?1512495153'),
(23, 'https://p-u.popcdn.net/events/covers/000/002/626/cover/Collection_Banner-03.png?1512495564'),
(22, 'https://p-u.popcdn.net/events/covers/000/002/627/cover/Collection_Banner-05.png?1512495636'),
(25, 'https://p-u.popcdn.net/events/covers/000/002/673/cover/SWD3_Pop_Event_WS_Cover_1702-x-800-px4.jpg?1512118141'),
(31, 'https://p-u.popcdn.net/events/covers/000/002/761/cover/Screen_Shot_2560-12-16_at_1.27.15_AM.png?1513362442'),
(35, 'https://p-u.popcdn.net/events/covers/000/002/888/cover/NN-03.jpg?1516775815'),
(15, 'https://p-u.popcdn.net/events/covers/000/002/983/cover/Artboard_3_copy.png?1518161277'),
(37, 'https://p-u.popcdn.net/events/covers/000/003/062/cover/1702X800.png?1519836028'),
(13, 'https://p-u.popcdn.net/events/covers/000/003/088/cover/USFTalk-01.png?1520174428'),
(11448, 'https://p-u.popcdn.net/events/covers/000/003/103/cover/Screen_Shot_2561-03-06_at_15.29.00.png?1520325061'),
(34, 'https://p-u.popcdn.net/events/covers/000/003/104/cover/851x400.jpg?1520343793'),
(4, 'https://p-u.popcdn.net/events/posters/000/002/868/medium/Poster_1.jpg?1515989221'),
(3, 'https://p-u.popcdn.net/events/posters/000/003/020/medium/Eventposter_425x610.png?1519115403'),
(2, 'https://p-u.popcdn.net/events/posters/000/003/039/medium/Poster_2048X2048_March.jpg?1519293937'),
(1, 'https://p-u.popcdn.net/events/posters/000/003/049/medium/Starto!-Poster-SQ01.jpg?1519722456'),
(30, 'https://tech.mthai.com/app/uploads/2015/08/3.jpg'),
(1, 'https://thestandard.co/wp-content/uploads/2018/01/BNK48_cover_.jpg'),
(13, 'https://www.cipe.org/wp-content/uploads/2013/04/entrepreneurship-ecosystem-511x640.jpg'),
(30, 'https://www.designil.com/wp-content/uploads/2014/12/startup-weekend-ending-e1418726994282.jpg'),
(30, 'https://zipimg.azureedge.net/images/events/F67A1C1D-B9C6-41D1-B798-3E101060FAA5/DE5CA2C0-97EF-459B-8710-5A89B8B4D7D2.png');

-- --------------------------------------------------------

--
-- Table structure for table `systemLogs`
--

CREATE TABLE `systemLogs` (
  `username` varchar(15) NOT NULL,
  `date` date NOT NULL,
  `time` time NOT NULL,
  `event` text NOT NULL,
  `file` text NOT NULL
) ENGINE=InnoDB DEFAULT CHARSET=latin1;

--
-- Dumping data for table `systemLogs`
--

INSERT INTO `systemLogs` (`username`, `date`, `time`, `event`, `file`) VALUES
('adminSun', '2018-03-10', '01:00:00', 'd', 'd');

--
-- Indexes for dumped tables
--

--
-- Indexes for table `event`
--
ALTER TABLE `event`
  ADD PRIMARY KEY (`idEvent`),
  ADD UNIQUE KEY `ID_Event` (`idEvent`);

--
-- Indexes for table `imageevent`
--
ALTER TABLE `imageevent`
  ADD PRIMARY KEY (`imagePath`,`idEvent`) USING BTREE,
  ADD KEY `imageevent_ibfk_1` (`idEvent`);

--
-- Indexes for table `systemLogs`
--
ALTER TABLE `systemLogs`
  ADD UNIQUE KEY `username` (`username`),
  ADD UNIQUE KEY `date` (`date`),
  ADD UNIQUE KEY `time` (`time`);

--
-- Constraints for dumped tables
--

--
-- Constraints for table `imageevent`
--
ALTER TABLE `imageevent`
  ADD CONSTRAINT `imageevent_ibfk_1` FOREIGN KEY (`idEvent`) REFERENCES `event` (`idEvent`) ON DELETE CASCADE ON UPDATE CASCADE;
COMMIT;

/*!40101 SET CHARACTER_SET_CLIENT=@OLD_CHARACTER_SET_CLIENT */;
/*!40101 SET CHARACTER_SET_RESULTS=@OLD_CHARACTER_SET_RESULTS */;
/*!40101 SET COLLATION_CONNECTION=@OLD_COLLATION_CONNECTION */;
